#
# There is insufficient memory for the Java Runtime Environment to continue.
# Native memory allocation (mmap) failed to map 306184192 bytes. Error detail: G1 virtual space
# Possible reasons:
#   The system is out of physical RAM or swap space
#   This process is running with CompressedOops enabled, and the Java Heap may be blocking the growth of the native heap
# Possible solutions:
#   Reduce memory load on the system
#   Increase physical memory or swap space
#   Check if swap backing store is full
#   Decrease Java heap size (-Xmx/-Xms)
#   Decrease number of Java threads
#   Decrease Java thread stack sizes (-Xss)
#   Set larger code cache with -XX:ReservedCodeCacheSize=
#   JVM is running with Unscaled Compressed Oops mode in which the Java heap is
#     placed in the first 4GB address space. The Java Heap base address is the
#     maximum limit for the native heap growth. Please use -XX:HeapBaseMinAddress
#     to set the Java Heap base and to place the Java Heap above 4GB virtual address.
# This output file may be truncated or incomplete.
#
#  Out of Memory Error (os_windows.cpp:3766), pid=9564, tid=9332
#
# JRE version: OpenJDK Runtime Environment (25.0.3) (build 25.0.3+-15898627-b508.16)
# Java VM: OpenJDK 64-Bit Server VM (25.0.3+-15898627-b508.16, mixed mode, tiered, compressed oops, compressed class ptrs, g1 gc, windows-amd64)
# No core dump will be written. Minidumps are not enabled by default on client versions of Windows
#

---------------  S U M M A R Y ------------

Command Line: --add-opens=java.base/java.lang=ALL-UNNAMED --add-opens=java.base/java.lang.invoke=ALL-UNNAMED --add-opens=java.base/java.util=ALL-UNNAMED --add-opens=java.prefs/java.util.prefs=ALL-UNNAMED --add-exports=jdk.compiler/com.sun.tools.javac.api=ALL-UNNAMED --add-exports=jdk.compiler/com.sun.tools.javac.util=ALL-UNNAMED --add-opens=java.base/java.nio.charset=ALL-UNNAMED --add-opens=java.base/java.net=ALL-UNNAMED --add-opens=java.base/java.util.concurrent=ALL-UNNAMED --add-opens=java.base/java.util.concurrent.atomic=ALL-UNNAMED --add-opens=java.xml/javax.xml.namespace=ALL-UNNAMED --add-opens=java.base/java.time=ALL-UNNAMED --enable-native-access=ALL-UNNAMED -Xmx2048m -Dfile.encoding=UTF-8 -Duser.country=SA -Duser.language=ar -Duser.variant -javaagent:C:\Users\«”«„… Õ„Ìœ „Õ„œ ﬁ«∆œ\.gradle\wrapper\dists\gradle-9.6.0-bin\42k10rwplmzkhuboz9kdazi7s\gradle-9.6.0\lib\agents\gradle-instrumentation-agent-9.6.0.jar org.gradle.launcher.daemon.bootstrap.GradleDaemon 9.6.0

Host: Intel(R) Core(TM) i7-10610U CPU @ 1.80GHz, 8 cores, 15G,  Windows 11 , 64 bit Build 26100 (10.0.26100.9444)
Time: Thu Sep 24 21:52:51 2026 elapsed time: 147.542596 seconds (0d 0h 2m 27s)

---------------  T H R E A D  ---------------

Current thread (0x000002e4e7469120):  VMThread "VM Thread"          [id=9332, stack(0x000000ea83b00000,0x000000ea83c00000) (1024K)]

Stack: [0x000000ea83b00000,0x000000ea83c00000]
Native frames: (J=compiled Java code, j=interpreted, Vv=VM code, C=native code)
V  [jvm.dll+0x7bf039]  (no source info available)
V  [jvm.dll+0x78912d]  (no source info available)
V  [jvm.dll+0xa0e615]  (no source info available)
V  [jvm.dll+0xa10c94]  (no source info available)
V  [jvm.dll+0xa11393]  (no source info available)
V  [jvm.dll+0x30a116]  (no source info available)
V  [jvm.dll+0x7bb145]  (no source info available)
V  [jvm.dll+0x7adc17]  (no source info available)
V  [jvm.dll+0x3fea3b]  (no source info available)
V  [jvm.dll+0x406bf6]  (no source info available)
V  [jvm.dll+0x3f30a6]  (no source info available)
V  [jvm.dll+0x3f3388]  (no source info available)
V  [jvm.dll+0x3c8622]  (no source info available)
V  [jvm.dll+0x3c86ba]  (no source info available)
V  [jvm.dll+0x417e60]  (no source info available)
V  [jvm.dll+0x416781]  (no source info available)
V  [jvm.dll+0x3c7d57]  (no source info available)
V  [jvm.dll+0x415bbf]  (no source info available)
V  [jvm.dll+0xa1765a]  (no source info available)
V  [jvm.dll+0xa18961]  (no source info available)
V  [jvm.dll+0xa18ed8]  (no source info available)
V  [jvm.dll+0xa19163]  (no source info available)
V  [jvm.dll+0x9ad738]  (no source info available)
V  [jvm.dll+0x7bd585]  (no source info available)
C  [ucrtbase.dll+0x2cd30]  (no source info available)
C  [KERNEL32.DLL+0x2cd87]  (no source info available)
C  [ntdll.dll+0xacaec]  (no source info available)

VM_Operation (0x000000ea898fe8f8): G1CollectForAllocation, mode: safepoint, requested by thread 0x000002e4fdf1a710


---------------  P R O C E S S  ---------------

Threads class SMR info:
_java_thread_list=0x000002e4fd7b6be0, length=89, elements={
0x000002e4cf880760, 0x000002e4e74a66c0, 0x000002e4e74a8c50, 0x000002e4e74aa020,
0x000002e4e74d5180, 0x000002e4e74b43f0, 0x000002e4e74b4fb0, 0x000002e4e74ddeb0,
0x000002e4e7630090, 0x000002e4e74beb50, 0x000002e4ec055b90, 0x000002e4ed450080,
0x000002e4ef39d520, 0x000002e4ed0604a0, 0x000002e4ec25d5c0, 0x000002e4ef17aca0,
0x000002e4edba9860, 0x000002e4edbadeb0, 0x000002e4edbaee50, 0x000002e4ecfad9b0,
0x000002e4ecfaf8f0, 0x000002e4ecfad1e0, 0x000002e4ecfae180, 0x000002e4ecfb0890,
0x000002e4ecfb1830, 0x000002e4ecfb2000, 0x000002e4ecfb27d0, 0x000002e4ecfb2fa0,
0x000002e4efcb7330, 0x000002e4efcb6b60, 0x000002e4fb8298b0, 0x000002e4f97d3160,
0x000002e4f97d48d0, 0x000002e4f97d50a0, 0x000002e4f97de510, 0x000002e4f97db630,
0x000002e4fb82e6d0, 0x000002e4fb830de0, 0x000002e4fb832550, 0x000002e4fb8334f0,
0x000002e4edbac740, 0x000002e4edbaa030, 0x000002e4edbaafd0, 0x000002e4edbb05c0,
0x000002e4f10bbf40, 0x000002e4f10bcee0, 0x000002e4f10be650, 0x000002e4efcb7b00,
0x000002e4efcbd0f0, 0x000002e4eeddc0b0, 0x000002e4f0c7f000, 0x000002e4ecfae950,
0x000002e4e74dbcb0, 0x000002e4fc0a59e0, 0x000002e4fc0a32d0, 0x000002e4fc0a61b0,
0x000002e4fc0a7150, 0x000002e4fc0a6980, 0x000002e4fc0a3aa0, 0x000002e4fc0a7920,
0x000002e4fc0aa030, 0x000002e4fc0acf10, 0x000002e4fc0ad6e0, 0x000002e4fc0b1560,
0x000002e4fc0adeb0, 0x000002e4fc0b2500, 0x000002e4f0c7e830, 0x000002e4f96334c0,
0x000002e4f9635bd0, 0x000002e4f963a220, 0x000002e4f96382e0, 0x000002e4f9638ab0,
0x000002e4f9639a50, 0x000002e4f963a9f0, 0x000002e4f963d100, 0x000002e4f963e870,
0x000002e4f963d8d0, 0x000002e4f963f810, 0x000002e4fc16a8f0, 0x000002e4fc167080,
0x000002e4f97d21c0, 0x000002e4ef8736f0, 0x000002e4eedddff0, 0x000002e4fdf18fa0,
0x000002e4fdf1a710, 0x000002e4fdf17060, 0x000002e4fdf1b6b0, 0x000002e4fdf18000,
0x000002e4fdf1be80
}

Java Threads: ( => current thread )
  0x000002e4cf880760 JavaThread "main"                              [_thread_blocked, id=10228, stack(0x000000ea83400000,0x000000ea83500000) (1024K)]
  0x000002e4e74a66c0 JavaThread "Common-Cleaner"             daemon [_thread_blocked, id=19408, stack(0x000000ea83c00000,0x000000ea83d00000) (1024K)]
  0x000002e4e74a8c50 JavaThread "Reference Handler"          daemon [_thread_blocked, id=20796, stack(0x000000ea83d00000,0x000000ea83e00000) (1024K)]
  0x000002e4e74aa020 JavaThread "Finalizer"                  daemon [_thread_blocked, id=13412, stack(0x000000ea83e00000,0x000000ea83f00000) (1024K)]
  0x000002e4e74d5180 JavaThread "Signal Dispatcher"          daemon [_thread_blocked, id=3724, stack(0x000000ea83f00000,0x000000ea84000000) (1024K)]
  0x000002e4e74b43f0 JavaThread "Attach Listener"            daemon [_thread_blocked, id=10496, stack(0x000000ea84000000,0x000000ea84100000) (1024K)]
  0x000002e4e74b4fb0 JavaThread "Service Thread"             daemon [_thread_blocked, id=18312, stack(0x000000ea84100000,0x000000ea84200000) (1024K)]
  0x000002e4e74ddeb0 JavaThread "Monitor Deflation Thread"   daemon [_thread_blocked, id=2368, stack(0x000000ea84200000,0x000000ea84300000) (1024K)]
  0x000002e4e7630090 JavaThread "C2 CompilerThread0"         daemon [_thread_in_native, id=15376, stack(0x000000ea84300000,0x000000ea84400000) (1024K)]
  0x000002e4e74beb50 JavaThread "C1 CompilerThread0"         daemon [_thread_blocked, id=18608, stack(0x000000ea84400000,0x000000ea84500000) (1024K)]
  0x000002e4ec055b90 JavaThread "Notification Thread"        daemon [_thread_blocked, id=12648, stack(0x000000ea84500000,0x000000ea84600000) (1024K)]
  0x000002e4ed450080 JavaThread "Daemon health stats"               [_thread_blocked, id=5216, stack(0x000000ea84d00000,0x000000ea84e00000) (1024K)]
  0x000002e4ef39d520 JavaThread "Incoming local TCP Connector on port 49695"        [_thread_in_native, id=1260, stack(0x000000ea84c00000,0x000000ea84d00000) (1024K)]
  0x000002e4ed0604a0 JavaThread "Daemon periodic checks"            [_thread_blocked, id=17668, stack(0x000000ea84e00000,0x000000ea84f00000) (1024K)]
  0x000002e4ec25d5c0 JavaThread "Daemon"                            [_thread_blocked, id=3068, stack(0x000000ea85200000,0x000000ea85300000) (1024K)]
  0x000002e4ef17aca0 JavaThread "Daemon worker"                     [_thread_blocked, id=21996, stack(0x000000ea85500000,0x000000ea85600000) (1024K)]
  0x000002e4edba9860 JavaThread "Cache worker for journal cache (C:\Users\ÿßÿ≥ÿßŸÖÿ© ÿ≠ŸÖŸäÿØ ŸÖÿ≠ŸÖÿØ ŸÇÿßÿ¶ÿØ\.gradle\caches\journal-1)"        [_thread_blocked, id=2896, stack(0x000000ea85900000,0x000000ea85a00000) (1024K)]
  0x000002e4edbadeb0 JavaThread "File lock request listener"        [_thread_in_native, id=20136, stack(0x000000ea85a00000,0x000000ea85b00000) (1024K)]
  0x000002e4edbaee50 JavaThread "Cache worker for file hash cache (C:\Users\ÿßÿ≥ÿßŸÖÿ© ÿ≠ŸÖŸäÿØ ŸÖÿ≠ŸÖÿØ ŸÇÿßÿ¶ÿØ\.gradle\caches\9.6.0\fileHashes)"        [_thread_blocked, id=2768, stack(0x000000ea85b00000,0x000000ea85c00000) (1024K)]
  0x000002e4ecfad9b0 JavaThread "File watcher server"        daemon [_thread_blocked, id=6304, stack(0x000000ea85f00000,0x000000ea86000000) (1024K)]
  0x000002e4ecfaf8f0 JavaThread "File watcher consumer"      daemon [_thread_blocked, id=20528, stack(0x000000ea86000000,0x000000ea86100000) (1024K)]
  0x000002e4ecfad1e0 JavaThread "jar transforms"                    [_thread_blocked, id=11016, stack(0x000000ea86100000,0x000000ea86200000) (1024K)]
  0x000002e4ecfae180 JavaThread "jar transforms Thread 2"           [_thread_blocked, id=11260, stack(0x000000ea86200000,0x000000ea86300000) (1024K)]
  0x000002e4ecfb0890 JavaThread "jar transforms Thread 3"           [_thread_blocked, id=16964, stack(0x000000ea86300000,0x000000ea86400000) (1024K)]
  0x000002e4ecfb1830 JavaThread "jar transforms Thread 4"           [_thread_blocked, id=21224, stack(0x000000ea86400000,0x000000ea86500000) (1024K)]
  0x000002e4ecfb2000 JavaThread "jar transforms Thread 5"           [_thread_blocked, id=5272, stack(0x000000ea86500000,0x000000ea86600000) (1024K)]
  0x000002e4ecfb27d0 JavaThread "jar transforms Thread 6"           [_thread_blocked, id=7100, stack(0x000000ea86600000,0x000000ea86700000) (1024K)]
  0x000002e4ecfb2fa0 JavaThread "jar transforms Thread 7"           [_thread_blocked, id=18624, stack(0x000000ea86700000,0x000000ea86800000) (1024K)]
  0x000002e4efcb7330 JavaThread "jar transforms Thread 8"           [_thread_blocked, id=20672, stack(0x000000ea86800000,0x000000ea86900000) (1024K)]
  0x000002e4efcb6b60 JavaThread "Cache worker for file content cache (C:\Users\ÿßÿ≥ÿßŸÖÿ© ÿ≠ŸÖŸäÿØ ŸÖÿ≠ŸÖÿØ ŸÇÿßÿ¶ÿØ\.gradle\caches\9.6.0\fileContent)"        [_thread_blocked, id=9576, stack(0x000000ea86900000,0x000000ea86a00000) (1024K)]
  0x000002e4fb8298b0 JavaThread "Memory manager"                    [_thread_blocked, id=20552, stack(0x000000ea87400000,0x000000ea87500000) (1024K)]
  0x000002e4f97d3160 JavaThread "Handler for socket connection from /127.0.0.1:49695 to /127.0.0.1:35248"        [_thread_in_native, id=4220, stack(0x000000ea83100000,0x000000ea83200000) (1024K)]
  0x000002e4f97d48d0 JavaThread "Cancel handler"                    [_thread_blocked, id=14408, stack(0x000000ea83200000,0x000000ea83300000) (1024K)]
  0x000002e4f97d50a0 JavaThread "Asynchronous log dispatcher for DefaultDaemonConnection: socket connection from /127.0.0.1:49695 to /127.0.0.1:35248"        [_thread_blocked, id=8080, stack(0x000000ea85300000,0x000000ea85400000) (1024K)]
  0x000002e4f97de510 JavaThread "Stdin handler"                     [_thread_blocked, id=22436, stack(0x000000ea85400000,0x000000ea85500000) (1024K)]
  0x000002e4f97db630 JavaThread "Daemon client event forwarder"        [_thread_blocked, id=20532, stack(0x000000ea85600000,0x000000ea85700000) (1024K)]
  0x000002e4fb82e6d0 JavaThread "Cache worker for file hash cache (D:\MyApplication\.gradle\9.6.0\fileHashes)"        [_thread_blocked, id=2920, stack(0x000000ea85700000,0x000000ea85800000) (1024K)]
  0x000002e4fb830de0 JavaThread "Cache worker for checksums cache (D:\MyApplication\.gradle\9.6.0\checksums)"        [_thread_blocked, id=20072, stack(0x000000ea85800000,0x000000ea85900000) (1024K)]
  0x000002e4fb832550 JavaThread "Cache worker for Build Output Cleanup Cache (D:\MyApplication\.gradle\buildOutputCleanup)"        [_thread_blocked, id=13532, stack(0x000000ea85c00000,0x000000ea85d00000) (1024K)]
  0x000002e4fb8334f0 JavaThread "Cache worker for cache directory md-supplier (C:\Users\ÿßÿ≥ÿßŸÖÿ© ÿ≠ŸÖŸäÿØ ŸÖÿ≠ŸÖÿØ ŸÇÿßÿ¶ÿØ\.gradle\caches\9.6.0\md-supplier)"        [_thread_blocked, id=18684, stack(0x000000ea83300000,0x000000ea83400000) (1024K)]
  0x000002e4edbac740 JavaThread "Cache worker for cache directory md-rule (C:\Users\ÿßÿ≥ÿßŸÖÿ© ÿ≠ŸÖŸäÿØ ŸÖÿ≠ŸÖÿØ ŸÇÿßÿ¶ÿØ\.gradle\caches\9.6.0\md-rule)"        [_thread_blocked, id=22496, stack(0x000000ea85d00000,0x000000ea85e00000) (1024K)]
  0x000002e4edbaa030 JavaThread "Build operations"                  [_thread_blocked, id=2044, stack(0x000000ea85e00000,0x000000ea85f00000) (1024K)]
  0x000002e4edbaafd0 JavaThread "Build operations Thread 2"         [_thread_blocked, id=13524, stack(0x000000ea86a00000,0x000000ea86b00000) (1024K)]
  0x000002e4edbb05c0 JavaThread "Build operations Thread 3"         [_thread_blocked, id=12580, stack(0x000000ea86b00000,0x000000ea86c00000) (1024K)]
  0x000002e4f10bbf40 JavaThread "Build operations Thread 4"         [_thread_blocked, id=8888, stack(0x000000ea86c00000,0x000000ea86d00000) (1024K)]
  0x000002e4f10bcee0 JavaThread "Build operations Thread 5"         [_thread_blocked, id=20696, stack(0x000000ea86d00000,0x000000ea86e00000) (1024K)]
  0x000002e4f10be650 JavaThread "Build operations Thread 6"         [_thread_blocked, id=21228, stack(0x000000ea86e00000,0x000000ea86f00000) (1024K)]
  0x000002e4efcb7b00 JavaThread "Build operations Thread 7"         [_thread_blocked, id=8620, stack(0x000000ea87000000,0x000000ea87100000) (1024K)]
  0x000002e4efcbd0f0 JavaThread "Build operations Thread 8"         [_thread_blocked, id=19212, stack(0x000000ea87200000,0x000000ea87300000) (1024K)]
  0x000002e4eeddc0b0 JavaThread "Configuration cache report writer"        [_thread_blocked, id=22068, stack(0x000000ea87100000,0x000000ea87200000) (1024K)]
  0x000002e4f0c7f000 JavaThread "build event listener"              [_thread_blocked, id=21592, stack(0x000000ea87500000,0x000000ea87600000) (1024K)]
  0x000002e4ecfae950 JavaThread "build event listener"              [_thread_blocked, id=7448, stack(0x000000ea87600000,0x000000ea87700000) (1024K)]
  0x000002e4e74dbcb0 JavaThread "included builds"                   [_thread_blocked, id=6268, stack(0x000000ea87700000,0x000000ea87800000) (1024K)]
  0x000002e4fc0a59e0 JavaThread "Execution worker"                  [_thread_blocked, id=13416, stack(0x000000ea87800000,0x000000ea87900000) (1024K)]
  0x000002e4fc0a32d0 JavaThread "Execution worker Thread 2"         [_thread_blocked, id=16772, stack(0x000000ea87900000,0x000000ea87a00000) (1024K)]
  0x000002e4fc0a61b0 JavaThread "Execution worker Thread 3"         [_thread_blocked, id=392, stack(0x000000ea87a00000,0x000000ea87b00000) (1024K)]
  0x000002e4fc0a7150 JavaThread "Execution worker Thread 4"         [_thread_blocked, id=21888, stack(0x000000ea87b00000,0x000000ea87c00000) (1024K)]
  0x000002e4fc0a6980 JavaThread "Execution worker Thread 5"         [_thread_blocked, id=12284, stack(0x000000ea87c00000,0x000000ea87d00000) (1024K)]
  0x000002e4fc0a3aa0 JavaThread "Execution worker Thread 6"         [_thread_blocked, id=17448, stack(0x000000ea87d00000,0x000000ea87e00000) (1024K)]
  0x000002e4fc0a7920 JavaThread "Execution worker Thread 7"         [_thread_blocked, id=12004, stack(0x000000ea87e00000,0x000000ea87f00000) (1024K)]
  0x000002e4fc0aa030 JavaThread "Cache worker for execution history cache (D:\MyApplication\.gradle\9.6.0\executionHistory)"        [_thread_blocked, id=22008, stack(0x000000ea87f00000,0x000000ea88000000) (1024K)]
  0x000002e4fc0acf10 JavaThread "WorkerExecutor Queue"              [_thread_blocked, id=6660, stack(0x000000ea88200000,0x000000ea88300000) (1024K)]
  0x000002e4fc0ad6e0 JavaThread "WorkerExecutor Queue Thread 2"        [_thread_blocked, id=21728, stack(0x000000ea88300000,0x000000ea88400000) (1024K)]
  0x000002e4fc0b1560 JavaThread "WorkerExecutor Queue Thread 4"        [_thread_blocked, id=22160, stack(0x000000ea88600000,0x000000ea88700000) (1024K)]
  0x000002e4fc0adeb0 JavaThread "WorkerExecutor Queue Thread 5"        [_thread_blocked, id=3976, stack(0x000000ea88700000,0x000000ea88800000) (1024K)]
  0x000002e4fc0b2500 JavaThread "WorkerExecutor Queue Thread 6"        [_thread_blocked, id=21968, stack(0x000000ea88800000,0x000000ea88900000) (1024K)]
  0x000002e4f0c7e830 JavaThread "WorkerExecutor Queue Thread 7"        [_thread_blocked, id=22512, stack(0x000000ea88900000,0x000000ea88a00000) (1024K)]
  0x000002e4f96334c0 JavaThread "WorkerExecutor Queue Thread 8"        [_thread_blocked, id=3960, stack(0x000000ea88a00000,0x000000ea88b00000) (1024K)]
  0x000002e4f9635bd0 JavaThread "WorkerExecutor Queue Thread 9"        [_thread_blocked, id=21404, stack(0x000000ea88b00000,0x000000ea88c00000) (1024K)]
  0x000002e4f963a220 JavaThread "ForkJoinPool-1-worker-1"    daemon [_thread_blocked, id=19336, stack(0x000000ea88c00000,0x000000ea88d00000) (1024K)]
  0x000002e4f96382e0 JavaThread "ForkJoinPool-1-worker-2"    daemon [_thread_blocked, id=11768, stack(0x000000ea88d00000,0x000000ea88e00000) (1024K)]
  0x000002e4f9638ab0 JavaThread "ForkJoinPool-1-worker-3"    daemon [_thread_blocked, id=21284, stack(0x000000ea88e00000,0x000000ea88f00000) (1024K)]
  0x000002e4f9639a50 JavaThread "ForkJoinPool-1-worker-4"    daemon [_thread_blocked, id=11352, stack(0x000000ea88f00000,0x000000ea89000000) (1024K)]
  0x000002e4f963a9f0 JavaThread "ForkJoinPool-1-worker-5"    daemon [_thread_blocked, id=3772, stack(0x000000ea89000000,0x000000ea89100000) (1024K)]
  0x000002e4f963d100 JavaThread "ForkJoinPool-1-worker-6"    daemon [_thread_blocked, id=16292, stack(0x000000ea89100000,0x000000ea89200000) (1024K)]
  0x000002e4f963e870 JavaThread "ForkJoinPool-1-worker-7"    daemon [_thread_blocked, id=10692, stack(0x000000ea89200000,0x000000ea89300000) (1024K)]
  0x000002e4f963d8d0 JavaThread "ForkJoinPool-1-worker-8"    daemon [_thread_blocked, id=21012, stack(0x000000ea89300000,0x000000ea89400000) (1024K)]
  0x000002e4f963f810 JavaThread "WorkerExecutor Queue Thread 10"        [_thread_blocked, id=10392, stack(0x000000ea88400000,0x000000ea88500000) (1024K)]
  0x000002e4fc16a8f0 JavaThread "C2 CompilerThread1"         daemon [_thread_blocked, id=14148, stack(0x000000ea84b00000,0x000000ea84c00000) (1024K)]
  0x000002e4fc167080 JavaThread "C2 CompilerThread2"         daemon [_thread_blocked, id=15072, stack(0x000000ea87300000,0x000000ea87400000) (1024K)]
  0x000002e4f97d21c0 JavaThread "Thread-89"                         [_thread_blocked, id=6564, stack(0x000000ea89400000,0x000000ea89500000) (1024K)]
  0x000002e4ef8736f0 JavaThread "ForkJoinPool-2-worker-1"    daemon [_thread_blocked, id=6224, stack(0x000000ea89500000,0x000000ea89600000) (1024K)]
  0x000002e4eedddff0 JavaThread "ForkJoinPool-2-worker-2"    daemon [_thread_blocked, id=3380, stack(0x000000ea89600000,0x000000ea89700000) (1024K)]
  0x000002e4fdf18fa0 JavaThread "ForkJoinPool-2-worker-3"    daemon [_thread_blocked, id=20064, stack(0x000000ea89700000,0x000000ea89800000) (1024K)]
  0x000002e4fdf1a710 JavaThread "ForkJoinPool-2-worker-4"    daemon [_thread_blocked, id=6612, stack(0x000000ea89800000,0x000000ea89900000) (1024K)]
  0x000002e4fdf17060 JavaThread "ForkJoinPool-2-worker-5"    daemon [_thread_blocked, id=16684, stack(0x000000ea89900000,0x000000ea89a00000) (1024K)]
  0x000002e4fdf1b6b0 JavaThread "ForkJoinPool-2-worker-6"    daemon [_thread_blocked, id=4488, stack(0x000000ea89a00000,0x000000ea89b00000) (1024K)]
  0x000002e4fdf18000 JavaThread "ForkJoinPool-2-worker-7"    daemon [_thread_blocked, id=17520, stack(0x000000ea89b00000,0x000000ea89c00000) (1024K)]
  0x000002e4fdf1be80 JavaThread "ForkJoinPool-2-worker-8"    daemon [_thread_blocked, id=2912, stack(0x000000ea89c00000,0x000000ea89d00000) (1024K)]
Total: 89

Other Threads:
=>0x000002e4e7469120 VMThread "VM Thread"                           [id=9332, stack(0x000000ea83b00000,0x000000ea83c00000) (1024K)]
  0x000002e4e742cf80 WatcherThread "VM Periodic Task Thread"        [id=21844, stack(0x000000ea83a00000,0x000000ea83b00000) (1024K)]
  0x000002e4cf8de6d0 WorkerThread "GC Thread#0"                     [id=19332, stack(0x000000ea83500000,0x000000ea83600000) (1024K)]
  0x000002e4ec140c50 WorkerThread "GC Thread#1"                     [id=9732, stack(0x000000ea84600000,0x000000ea84700000) (1024K)]
  0x000002e4ec141080 WorkerThread "GC Thread#2"                     [id=16672, stack(0x000000ea84700000,0x000000ea84800000) (1024K)]
  0x000002e4ec1414b0 WorkerThread "GC Thread#3"                     [id=1420, stack(0x000000ea84800000,0x000000ea84900000) (1024K)]
  0x000002e4ec1418e0 WorkerThread "GC Thread#4"                     [id=20216, stack(0x000000ea84900000,0x000000ea84a00000) (1024K)]
  0x000002e4ec141d10 WorkerThread "GC Thread#5"                     [id=9632, stack(0x000000ea84a00000,0x000000ea84b00000) (1024K)]
  0x000002e4ed779530 WorkerThread "GC Thread#6"                     [id=21596, stack(0x000000ea84f00000,0x000000ea85000000) (1024K)]
  0x000002e4ed779dd0 WorkerThread "GC Thread#7"                     [id=11860, stack(0x000000ea85000000,0x000000ea85100000) (1024K)]
  0x000002e4cf8f8700 ConcurrentGCThread "G1 Main Marker"            [id=18812, stack(0x000000ea83600000,0x000000ea83700000) (1024K)]
  0x000002e4cf8f9a40 WorkerThread "G1 Conc#0"                       [id=13472, stack(0x000000ea83700000,0x000000ea83800000) (1024K)]
  0x000002e4ed778840 WorkerThread "G1 Conc#1"                       [id=12516, stack(0x000000ea85100000,0x000000ea85200000) (1024K)]
  0x000002e4e72fe5b0 ConcurrentGCThread "G1 Refine#0"               [id=22316, stack(0x000000ea83800000,0x000000ea83900000) (1024K)]
  0x000002e4e72fee70 ConcurrentGCThread "G1 Service"                [id=17848, stack(0x000000ea83900000,0x000000ea83a00000) (1024K)]
Total: 15

Threads with active compile tasks:
C2 CompilerThread0  147715 28613       4       com.android.tools.r8.internal.e90::a (3366 bytes)
C2 CompilerThread1  147715 28614       4       com.android.tools.r8.internal.c60::b (123 bytes)
C2 CompilerThread2  147715 28295 %     4       com.android.tools.r8.dex.x::a @ 293 (1018 bytes)
Total: 3

VM state: at safepoint (normal execution)

VM Mutex/Monitor currently owned by a thread:  ([mutex/lock_event])
[0x00007ff989a37928] Threads_lock - owner thread: 0x000002e4e7469120
[0x00007ff989a37aa8] Heap_lock - owner thread: 0x000002e4fdf1a710

Heap address: 0x0000000080000000, size: 2048 MB, Compressed Oops mode: 32-bit

CDS archive(s) not mapped
Compressed class space mapped at: 0x0000000015000000-0x0000000055000000, reserved size: 1073741824
UseCompressedClassPointers 1, UseCompactObjectHeaders 0
Narrow klass pointer bits 32, Max shift 3
Narrow klass base: 0x0000000000000000, Narrow klass shift: 0
Encoding Range: [0x0000000000000000 - 0x0000000100000000), (4294967296 bytes)
Klass Range:    [0x0000000015000000 - 0x0000000055000000), (1073741824 bytes)
Klass ID Range:  [352321536 - 1426063353) (1073741817)
No protection zone.

GC Precious Log:
 CardTable entry size: 512
 Card Set container configuration: InlinePtr #cards 5 size 8 Array Of Cards #cards 10 size 36 Howl #buckets 4 coarsen threshold 1843 Howl Bitmap #cards 512 size 80 coarsen threshold 460 Card regions per heap region 1 cards per card region 2048
 CPUs: 8 total, 8 available
 Memory: 16162M
 Large Page Support: Disabled
 NUMA Support: Disabled
 Compressed Oops: Enabled (32-bit)
 Heap Region Size: 1M
 Heap Min Capacity: 8M
 Heap Initial Capacity: 254M
 Heap Max Capacity: 2G
 Pre-touch: Disabled
 Parallel Workers: 8
 Concurrent Workers: 2
 Concurrent Refinement Workers: 8
 Periodic GC: Disabled

Heap:
 garbage-first heap   total reserved 2097152K, committed 603136K, used 466886K [0x0000000080000000, 0x0000000100000000)
  region size 1024K, 17 young (17408K), 17 survivors (17408K)

Heap Regions: E=young(eden), S=young(survivor), O=old, HS=humongous(starts), HC=humongous(continues), CS=collection set, F=free, TAMS=top-at-mark-start, PB=parsable bottom
|   0|0x0000000080000000, 0x0000000080100000, 0x0000000080100000|100%|HS|  |TAMS 0x0000000080100000| PB 0x0000000080000000| Complete |  0
|   1|0x0000000080100000, 0x0000000080200000, 0x0000000080200000|100%|HC|  |TAMS 0x0000000080200000| PB 0x0000000080100000| Complete |  0
|   2|0x0000000080200000, 0x0000000080300000, 0x0000000080300000|100%|HC|  |TAMS 0x0000000080300000| PB 0x0000000080200000| Complete |  0
|   3|0x0000000080300000, 0x0000000080400000, 0x0000000080400000|100%|HC|  |TAMS 0x0000000080400000| PB 0x0000000080300000| Complete |  0
|   4|0x0000000080400000, 0x0000000080500000, 0x0000000080500000|100%| O|  |TAMS 0x0000000080500000| PB 0x0000000080400000| Untracked |  0
|   5|0x0000000080500000, 0x00000000805f1af8, 0x0000000080600000| 94%| O|  |TAMS 0x00000000805f1af8| PB 0x0000000080500000| Untracked |  0
|   6|0x0000000080600000, 0x0000000080700000, 0x0000000080700000|100%|HS|  |TAMS 0x0000000080700000| PB 0x0000000080600000| Complete |  0
|   7|0x0000000080700000, 0x0000000080800000, 0x0000000080800000|100%| O|  |TAMS 0x0000000080800000| PB 0x0000000080700000| Untracked |  0
|   8|0x0000000080800000, 0x0000000080900000, 0x0000000080900000|100%| O|  |TAMS 0x0000000080900000| PB 0x0000000080800000| Untracked |  0
|   9|0x0000000080900000, 0x0000000080a00000, 0x0000000080a00000|100%| O|  |TAMS 0x0000000080a00000| PB 0x0000000080900000| Untracked |  0
|  10|0x0000000080a00000, 0x0000000080b00000, 0x0000000080b00000|100%| O|  |TAMS 0x0000000080b00000| PB 0x0000000080a00000| Untracked |  0
|  11|0x0000000080b00000, 0x0000000080c00000, 0x0000000080c00000|100%| O|  |TAMS 0x0000000080c00000| PB 0x0000000080b00000| Untracked |  0
|  12|0x0000000080c00000, 0x0000000080d00000, 0x0000000080d00000|100%| O|  |TAMS 0x0000000080d00000| PB 0x0000000080c00000| Untracked |  0
|  13|0x0000000080d00000, 0x0000000080e00000, 0x0000000080e00000|100%| O|  |TAMS 0x0000000080e00000| PB 0x0000000080d00000| Untracked |  0
|  14|0x0000000080e00000, 0x0000000080f00000, 0x0000000080f00000|100%| O|  |TAMS 0x0000000080f00000| PB 0x0000000080e00000| Untracked |  0
|  15|0x0000000080f00000, 0x0000000081000000, 0x0000000081000000|100%| O|  |TAMS 0x0000000081000000| PB 0x0000000080f00000| Untracked |  0
|  16|0x0000000081000000, 0x0000000081100000, 0x0000000081100000|100%| O|  |TAMS 0x0000000081100000| PB 0x0000000081000000| Untracked |  0
|  17|0x0000000081100000, 0x0000000081200000, 0x0000000081200000|100%| O|  |TAMS 0x0000000081200000| PB 0x0000000081100000| Untracked |  0
|  18|0x0000000081200000, 0x0000000081300000, 0x0000000081300000|100%| O|  |TAMS 0x0000000081300000| PB 0x0000000081200000| Untracked |  0
|  19|0x0000000081300000, 0x0000000081400000, 0x0000000081400000|100%| O|  |TAMS 0x0000000081400000| PB 0x0000000081300000| Untracked |  0
|  20|0x0000000081400000, 0x0000000081500000, 0x0000000081500000|100%| O|  |TAMS 0x0000000081500000| PB 0x0000000081400000| Untracked |  0
|  21|0x0000000081500000, 0x0000000081600000, 0x0000000081600000|100%| O|  |TAMS 0x0000000081600000| PB 0x0000000081500000| Untracked |  0
|  22|0x0000000081600000, 0x0000000081700000, 0x0000000081700000|100%| O|  |TAMS 0x0000000081700000| PB 0x0000000081600000| Untracked |  0
|  23|0x0000000081700000, 0x0000000081800000, 0x0000000081800000|100%| O|  |TAMS 0x0000000081800000| PB 0x0000000081700000| Untracked |  0
|  24|0x0000000081800000, 0x0000000081900000, 0x0000000081900000|100%| O|  |TAMS 0x0000000081900000| PB 0x0000000081800000| Untracked |  0
|  25|0x0000000081900000, 0x0000000081a00000, 0x0000000081a00000|100%|HS|  |TAMS 0x0000000081a00000| PB 0x0000000081900000| Complete |  0
|  26|0x0000000081a00000, 0x0000000081b00000, 0x0000000081b00000|100%|HC|  |TAMS 0x0000000081b00000| PB 0x0000000081a00000| Complete |  0
|  27|0x0000000081b00000, 0x0000000081c00000, 0x0000000081c00000|100%|HC|  |TAMS 0x0000000081c00000| PB 0x0000000081b00000| Complete |  0
|  28|0x0000000081c00000, 0x0000000081d00000, 0x0000000081d00000|100%|HC|  |TAMS 0x0000000081d00000| PB 0x0000000081c00000| Complete |  0
|  29|0x0000000081d00000, 0x0000000081e00000, 0x0000000081e00000|100%|HC|  |TAMS 0x0000000081e00000| PB 0x0000000081d00000| Complete |  0
|  30|0x0000000081e00000, 0x0000000081f00000, 0x0000000081f00000|100%|HC|  |TAMS 0x0000000081f00000| PB 0x0000000081e00000| Complete |  0
|  31|0x0000000081f00000, 0x0000000082000000, 0x0000000082000000|100%|HS|  |TAMS 0x0000000082000000| PB 0x0000000081f00000| Complete |  0
|  32|0x0000000082000000, 0x0000000082100000, 0x0000000082100000|100%| O|  |TAMS 0x0000000082100000| PB 0x0000000082000000| Untracked |  0
|  33|0x0000000082100000, 0x0000000082200000, 0x0000000082200000|100%| O|  |TAMS 0x0000000082200000| PB 0x0000000082100000| Untracked |  0
|  34|0x0000000082200000, 0x0000000082300000, 0x0000000082300000|100%| O|  |TAMS 0x0000000082300000| PB 0x0000000082200000| Untracked |  0
|  35|0x0000000082300000, 0x0000000082400000, 0x0000000082400000|100%| O|  |TAMS 0x0000000082400000| PB 0x0000000082300000| Untracked |  0
|  36|0x0000000082400000, 0x0000000082500000, 0x0000000082500000|100%| O|  |TAMS 0x0000000082500000| PB 0x0000000082400000| Untracked |  0
|  37|0x0000000082500000, 0x0000000082600000, 0x0000000082600000|100%|HS|  |TAMS 0x0000000082600000| PB 0x0000000082500000| Complete |  0
|  38|0x0000000082600000, 0x0000000082700000, 0x0000000082700000|100%|HS|  |TAMS 0x0000000082700000| PB 0x0000000082600000| Complete |  0
|  39|0x0000000082700000, 0x0000000082800000, 0x0000000082800000|100%|HC|  |TAMS 0x0000000082800000| PB 0x0000000082700000| Complete |  0
|  40|0x0000000082800000, 0x0000000082900000, 0x0000000082900000|100%|HC|  |TAMS 0x0000000082900000| PB 0x0000000082800000| Complete |  0
|  41|0x0000000082900000, 0x0000000082a00000, 0x0000000082a00000|100%|HC|  |TAMS 0x0000000082a00000| PB 0x0000000082900000| Complete |  0
|  42|0x0000000082a00000, 0x0000000082b00000, 0x0000000082b00000|100%|HC|  |TAMS 0x0000000082b00000| PB 0x0000000082a00000| Complete |  0
|  43|0x0000000082b00000, 0x0000000082c00000, 0x0000000082c00000|100%|HC|  |TAMS 0x0000000082c00000| PB 0x0000000082b00000| Complete |  0
|  44|0x0000000082c00000, 0x0000000082d00000, 0x0000000082d00000|100%|HS|  |TAMS 0x0000000082d00000| PB 0x0000000082c00000| Complete |  0
|  45|0x0000000082d00000, 0x0000000082e00000, 0x0000000082e00000|100%|HS|  |TAMS 0x0000000082e00000| PB 0x0000000082d00000| Complete |  0
|  46|0x0000000082e00000, 0x0000000082f00000, 0x0000000082f00000|100%| O|  |TAMS 0x0000000082f00000| PB 0x0000000082e00000| Untracked |  0
|  47|0x0000000082f00000, 0x0000000083000000, 0x0000000083000000|100%| O|  |TAMS 0x0000000083000000| PB 0x0000000082f00000| Untracked |  0
|  48|0x0000000083000000, 0x0000000083100000, 0x0000000083100000|100%| O|  |TAMS 0x0000000083100000| PB 0x0000000083000000| Untracked |  0
|  49|0x0000000083100000, 0x0000000083200000, 0x0000000083200000|100%| O|  |TAMS 0x0000000083200000| PB 0x0000000083100000| Untracked |  0
|  50|0x0000000083200000, 0x0000000083300000, 0x0000000083300000|100%| O|  |TAMS 0x0000000083300000| PB 0x0000000083200000| Untracked |  0
|  51|0x0000000083300000, 0x0000000083400000, 0x0000000083400000|100%| O|  |TAMS 0x0000000083400000| PB 0x0000000083300000| Untracked |  0
|  52|0x0000000083400000, 0x0000000083500000, 0x0000000083500000|100%| O|  |TAMS 0x0000000083500000| PB 0x0000000083400000| Untracked |  0
|  53|0x0000000083500000, 0x0000000083600000, 0x0000000083600000|100%| O|  |TAMS 0x0000000083600000| PB 0x0000000083500000| Untracked |  0
|  54|0x0000000083600000, 0x0000000083700000, 0x0000000083700000|100%| O|  |TAMS 0x0000000083700000| PB 0x0000000083600000| Untracked |  0
|  55|0x0000000083700000, 0x0000000083800000, 0x0000000083800000|100%| O|  |TAMS 0x0000000083800000| PB 0x0000000083700000| Untracked |  0
|  56|0x0000000083800000, 0x0000000083900000, 0x0000000083900000|100%| O|  |TAMS 0x0000000083900000| PB 0x0000000083800000| Untracked |  0
|  57|0x0000000083900000, 0x0000000083a00000, 0x0000000083a00000|100%|HS|  |TAMS 0x0000000083a00000| PB 0x0000000083900000| Complete |  0
|  58|0x0000000083a00000, 0x0000000083b00000, 0x0000000083b00000|100%| O|  |TAMS 0x0000000083b00000| PB 0x0000000083a00000| Untracked |  0
|  59|0x0000000083b00000, 0x0000000083c00000, 0x0000000083c00000|100%| O|  |TAMS 0x0000000083c00000| PB 0x0000000083b00000| Untracked |  0
|  60|0x0000000083c00000, 0x0000000083d00000, 0x0000000083d00000|100%| O|  |TAMS 0x0000000083d00000| PB 0x0000000083c00000| Untracked |  0
|  61|0x0000000083d00000, 0x0000000083e00000, 0x0000000083e00000|100%|HS|  |TAMS 0x0000000083e00000| PB 0x0000000083d00000| Complete |  0
|  62|0x0000000083e00000, 0x0000000083f00000, 0x0000000083f00000|100%| O|  |TAMS 0x0000000083f00000| PB 0x0000000083e00000| Untracked |  0
|  63|0x0000000083f00000, 0x0000000084000000, 0x0000000084000000|100%| O|  |TAMS 0x0000000084000000| PB 0x0000000083f00000| Untracked |  0
|  64|0x0000000084000000, 0x0000000084100000, 0x0000000084100000|100%| O|  |TAMS 0x0000000084100000| PB 0x0000000084000000| Untracked |  0
|  65|0x0000000084100000, 0x0000000084200000, 0x0000000084200000|100%| O|  |TAMS 0x0000000084200000| PB 0x0000000084100000| Untracked |  0
|  66|0x0000000084200000, 0x0000000084300000, 0x0000000084300000|100%| O|  |TAMS 0x0000000084300000| PB 0x0000000084200000| Untracked |  0
|  67|0x0000000084300000, 0x0000000084400000, 0x0000000084400000|100%| O|  |TAMS 0x0000000084400000| PB 0x0000000084300000| Untracked |  0
|  68|0x0000000084400000, 0x0000000084500000, 0x0000000084500000|100%| O|  |TAMS 0x0000000084500000| PB 0x0000000084400000| Untracked |  0
|  69|0x0000000084500000, 0x0000000084600000, 0x0000000084600000|100%|HS|  |TAMS 0x0000000084600000| PB 0x0000000084500000| Complete |  0
|  70|0x0000000084600000, 0x0000000084700000, 0x0000000084700000|100%| O|  |TAMS 0x0000000084700000| PB 0x0000000084600000| Untracked |  0
|  71|0x0000000084700000, 0x0000000084800000, 0x0000000084800000|100%|HS|  |TAMS 0x0000000084800000| PB 0x0000000084700000| Complete |  0
|  72|0x0000000084800000, 0x0000000084900000, 0x0000000084900000|100%| O|  |TAMS 0x0000000084900000| PB 0x0000000084800000| Untracked |  0
|  73|0x0000000084900000, 0x0000000084a00000, 0x0000000084a00000|100%| O|  |TAMS 0x0000000084a00000| PB 0x0000000084900000| Untracked |  0
|  74|0x0000000084a00000, 0x0000000084b00000, 0x0000000084b00000|100%| O|  |TAMS 0x0000000084b00000| PB 0x0000000084a00000| Untracked |  0
|  75|0x0000000084b00000, 0x0000000084c00000, 0x0000000084c00000|100%| O|  |TAMS 0x0000000084c00000| PB 0x0000000084b00000| Untracked |  0
|  76|0x0000000084c00000, 0x0000000084d00000, 0x0000000084d00000|100%|HS|  |TAMS 0x0000000084d00000| PB 0x0000000084c00000| Complete |  0
|  77|0x0000000084d00000, 0x0000000084e00000, 0x0000000084e00000|100%|HC|  |TAMS 0x0000000084e00000| PB 0x0000000084d00000| Complete |  0
|  78|0x0000000084e00000, 0x0000000084f00000, 0x0000000084f00000|100%|HS|  |TAMS 0x0000000084f00000| PB 0x0000000084e00000| Complete |  0
|  79|0x0000000084f00000, 0x0000000085000000, 0x0000000085000000|100%| O|  |TAMS 0x0000000085000000| PB 0x0000000084f00000| Untracked |  0
|  80|0x0000000085000000, 0x0000000085100000, 0x0000000085100000|100%| O|  |TAMS 0x0000000085100000| PB 0x0000000085000000| Untracked |  0
|  81|0x0000000085100000, 0x0000000085200000, 0x0000000085200000|100%| O|  |TAMS 0x0000000085200000| PB 0x0000000085100000| Untracked |  0
|  82|0x0000000085200000, 0x0000000085300000, 0x0000000085300000|100%| O|  |TAMS 0x0000000085300000| PB 0x0000000085200000| Untracked |  0
|  83|0x0000000085300000, 0x0000000085400000, 0x0000000085400000|100%| O|  |TAMS 0x0000000085400000| PB 0x0000000085300000| Untracked |  0
|  84|0x0000000085400000, 0x0000000085500000, 0x0000000085500000|100%| O|  |TAMS 0x0000000085500000| PB 0x0000000085400000| Untracked |  0
|  85|0x0000000085500000, 0x0000000085600000, 0x0000000085600000|100%| O|  |TAMS 0x0000000085600000| PB 0x0000000085500000| Untracked |  0
|  86|0x0000000085600000, 0x0000000085700000, 0x0000000085700000|100%| O|  |TAMS 0x0000000085700000| PB 0x0000000085600000| Untracked |  0
|  87|0x0000000085700000, 0x0000000085800000, 0x0000000085800000|100%| O|  |TAMS 0x0000000085800000| PB 0x0000000085700000| Untracked |  0
|  88|0x0000000085800000, 0x0000000085900000, 0x0000000085900000|100%| O|  |TAMS 0x0000000085900000| PB 0x0000000085800000| Untracked |  0
|  89|0x0000000085900000, 0x0000000085a00000, 0x0000000085a00000|100%| O|  |TAMS 0x0000000085a00000| PB 0x0000000085900000| Untracked |  0
|  90|0x0000000085a00000, 0x0000000085b00000, 0x0000000085b00000|100%| O|  |TAMS 0x0000000085b00000| PB 0x0000000085a00000| Untracked |  0
|  91|0x0000000085b00000, 0x0000000085c00000, 0x0000000085c00000|100%| O|  |TAMS 0x0000000085c00000| PB 0x0000000085b00000| Untracked |  0
|  92|0x0000000085c00000, 0x0000000085d00000, 0x0000000085d00000|100%| O|  |TAMS 0x0000000085d00000| PB 0x0000000085c00000| Untracked |  0
|  93|0x0000000085d00000, 0x0000000085e00000, 0x0000000085e00000|100%| O|  |TAMS 0x0000000085e00000| PB 0x0000000085d00000| Untracked |  0
|  94|0x0000000085e00000, 0x0000000085f00000, 0x0000000085f00000|100%| O|  |TAMS 0x0000000085f00000| PB 0x0000000085e00000| Untracked |  0
|  95|0x0000000085f00000, 0x0000000086000000, 0x0000000086000000|100%| O|  |TAMS 0x0000000086000000| PB 0x0000000085f00000| Untracked |  0
|  96|0x0000000086000000, 0x0000000086100000, 0x0000000086100000|100%| O|  |TAMS 0x0000000086100000| PB 0x0000000086000000| Untracked |  0
|  97|0x0000000086100000, 0x0000000086200000, 0x0000000086200000|100%| O|  |TAMS 0x0000000086200000| PB 0x0000000086100000| Untracked |  0
|  98|0x0000000086200000, 0x0000000086300000, 0x0000000086300000|100%| O|  |TAMS 0x0000000086300000| PB 0x0000000086200000| Untracked |  0
|  99|0x0000000086300000, 0x0000000086400000, 0x0000000086400000|100%| O|  |TAMS 0x0000000086400000| PB 0x0000000086300000| Untracked |  0
| 100|0x0000000086400000, 0x0000000086500000, 0x0000000086500000|100%| O|  |TAMS 0x0000000086500000| PB 0x0000000086400000| Untracked |  0
| 101|0x0000000086500000, 0x0000000086600000, 0x0000000086600000|100%| O|  |TAMS 0x0000000086600000| PB 0x0000000086500000| Untracked |  0
| 102|0x0000000086600000, 0x0000000086700000, 0x0000000086700000|100%|HS|  |TAMS 0x0000000086700000| PB 0x0000000086600000| Complete |  0
| 103|0x0000000086700000, 0x0000000086800000, 0x0000000086800000|100%|HS|  |TAMS 0x0000000086800000| PB 0x0000000086700000| Complete |  0
| 104|0x0000000086800000, 0x0000000086900000, 0x0000000086900000|100%| O|  |TAMS 0x0000000086900000| PB 0x0000000086800000| Untracked |  0
| 105|0x0000000086900000, 0x0000000086a00000, 0x0000000086a00000|100%| O|  |TAMS 0x0000000086a00000| PB 0x0000000086900000| Untracked |  0
| 106|0x0000000086a00000, 0x0000000086b00000, 0x0000000086b00000|100%|HS|  |TAMS 0x0000000086b00000| PB 0x0000000086a00000| Complete |  0
| 107|0x0000000086b00000, 0x0000000086c00000, 0x0000000086c00000|100%|HS|  |TAMS 0x0000000086c00000| PB 0x0000000086b00000| Complete |  0
| 108|0x0000000086c00000, 0x0000000086d00000, 0x0000000086d00000|100%|HC|  |TAMS 0x0000000086d00000| PB 0x0000000086c00000| Complete |  0
| 109|0x0000000086d00000, 0x0000000086e00000, 0x0000000086e00000|100%| O|  |TAMS 0x0000000086e00000| PB 0x0000000086d00000| Untracked |  0
| 110|0x0000000086e00000, 0x0000000086f00000, 0x0000000086f00000|100%| O|  |TAMS 0x0000000086f00000| PB 0x0000000086e00000| Untracked |  0
| 111|0x0000000086f00000, 0x0000000087000000, 0x0000000087000000|100%| O|  |TAMS 0x0000000087000000| PB 0x0000000086f00000| Untracked |  0
| 112|0x0000000087000000, 0x0000000087100000, 0x0000000087100000|100%|HS|  |TAMS 0x0000000087100000| PB 0x0000000087000000| Complete |  0
| 113|0x0000000087100000, 0x0000000087200000, 0x0000000087200000|100%| O|  |TAMS 0x0000000087200000| PB 0x0000000087100000| Untracked |  0
| 114|0x0000000087200000, 0x0000000087300000, 0x0000000087300000|100%| O|  |TAMS 0x0000000087300000| PB 0x0000000087200000| Untracked |  0
| 115|0x0000000087300000, 0x0000000087400000, 0x0000000087400000|100%| O|  |TAMS 0x0000000087400000| PB 0x0000000087300000| Untracked |  0
| 116|0x0000000087400000, 0x0000000087500000, 0x0000000087500000|100%| O|  |TAMS 0x0000000087500000| PB 0x0000000087400000| Untracked |  0
| 117|0x0000000087500000, 0x0000000087600000, 0x0000000087600000|100%| O|  |TAMS 0x0000000087600000| PB 0x0000000087500000| Untracked |  0
| 118|0x0000000087600000, 0x0000000087700000, 0x0000000087700000|100%| O|  |TAMS 0x0000000087700000| PB 0x0000000087600000| Untracked |  0
| 119|0x0000000087700000, 0x0000000087800000, 0x0000000087800000|100%| O|  |TAMS 0x0000000087800000| PB 0x0000000087700000| Untracked |  0
| 120|0x0000000087800000, 0x0000000087900000, 0x0000000087900000|100%| O|  |TAMS 0x0000000087900000| PB 0x0000000087800000| Untracked |  0
| 121|0x0000000087900000, 0x0000000087a00000, 0x0000000087a00000|100%| O|  |TAMS 0x0000000087a00000| PB 0x0000000087900000| Untracked |  0
| 122|0x0000000087a00000, 0x0000000087b00000, 0x0000000087b00000|100%| O|  |TAMS 0x0000000087b00000| PB 0x0000000087a00000| Untracked |  0
| 123|0x0000000087b00000, 0x0000000087c00000, 0x0000000087c00000|100%| O|  |TAMS 0x0000000087c00000| PB 0x0000000087b00000| Untracked |  0
| 124|0x0000000087c00000, 0x0000000087d00000, 0x0000000087d00000|100%| O|  |TAMS 0x0000000087d00000| PB 0x0000000087c00000| Untracked |  0
| 125|0x0000000087d00000, 0x0000000087e00000, 0x0000000087e00000|100%| O|  |TAMS 0x0000000087e00000| PB 0x0000000087d00000| Untracked |  0
| 126|0x0000000087e00000, 0x0000000087f00000, 0x0000000087f00000|100%| O|  |TAMS 0x0000000087f00000| PB 0x0000000087e00000| Untracked |  0
| 127|0x0000000087f00000, 0x0000000088000000, 0x0000000088000000|100%| O|  |TAMS 0x0000000088000000| PB 0x0000000087f00000| Untracked |  0
| 128|0x0000000088000000, 0x0000000088100000, 0x0000000088100000|100%| O|  |TAMS 0x0000000088100000| PB 0x0000000088000000| Untracked |  0
| 129|0x0000000088100000, 0x0000000088200000, 0x0000000088200000|100%| O|  |TAMS 0x0000000088200000| PB 0x0000000088100000| Untracked |  0
| 130|0x0000000088200000, 0x0000000088300000, 0x0000000088300000|100%| O|  |TAMS 0x0000000088300000| PB 0x0000000088200000| Untracked |  0
| 131|0x0000000088300000, 0x0000000088400000, 0x0000000088400000|100%| O|  |TAMS 0x0000000088400000| PB 0x0000000088300000| Untracked |  0
| 132|0x0000000088400000, 0x0000000088500000, 0x0000000088500000|100%| O|  |TAMS 0x0000000088500000| PB 0x0000000088400000| Untracked |  0
| 133|0x0000000088500000, 0x0000000088600000, 0x0000000088600000|100%| O|  |TAMS 0x0000000088600000| PB 0x0000000088500000| Untracked |  0
| 134|0x0000000088600000, 0x0000000088700000, 0x0000000088700000|100%| O|  |TAMS 0x0000000088700000| PB 0x0000000088600000| Untracked |  0
| 135|0x0000000088700000, 0x0000000088800000, 0x0000000088800000|100%| O|  |TAMS 0x0000000088800000| PB 0x0000000088700000| Untracked |  0
| 136|0x0000000088800000, 0x0000000088900000, 0x0000000088900000|100%| O|  |TAMS 0x0000000088900000| PB 0x0000000088800000| Untracked |  0
| 137|0x0000000088900000, 0x0000000088a00000, 0x0000000088a00000|100%| O|  |TAMS 0x0000000088a00000| PB 0x0000000088900000| Untracked |  0
| 138|0x0000000088a00000, 0x0000000088b00000, 0x0000000088b00000|100%| O|  |TAMS 0x0000000088b00000| PB 0x0000000088a00000| Untracked |  0
| 139|0x0000000088b00000, 0x0000000088c00000, 0x0000000088c00000|100%| O|  |TAMS 0x0000000088c00000| PB 0x0000000088b00000| Untracked |  0
| 140|0x0000000088c00000, 0x0000000088d00000, 0x0000000088d00000|100%| O|  |TAMS 0x0000000088d00000| PB 0x0000000088c00000| Untracked |  0
| 141|0x0000000088d00000, 0x0000000088e00000, 0x0000000088e00000|100%| O|  |TAMS 0x0000000088e00000| PB 0x0000000088d00000| Untracked |  0
| 142|0x0000000088e00000, 0x0000000088f00000, 0x0000000088f00000|100%| O|  |TAMS 0x0000000088f00000| PB 0x0000000088e00000| Untracked |  0
| 143|0x0000000088f00000, 0x0000000089000000, 0x0000000089000000|100%| O|  |TAMS 0x0000000088f00000| PB 0x0000000088f00000| Untracked |  0
| 144|0x0000000089000000, 0x0000000089100000, 0x0000000089100000|100%| O|  |TAMS 0x0000000089100000| PB 0x0000000089000000| Untracked |  0
| 145|0x0000000089100000, 0x0000000089200000, 0x0000000089200000|100%| O|  |TAMS 0x0000000089200000| PB 0x0000000089100000| Untracked |  0
| 146|0x0000000089200000, 0x0000000089300000, 0x0000000089300000|100%| O|  |TAMS 0x0000000089300000| PB 0x0000000089200000| Untracked |  0
| 147|0x0000000089300000, 0x0000000089400000, 0x0000000089400000|100%| O|  |TAMS 0x0000000089400000| PB 0x0000000089300000| Untracked |  0
| 148|0x0000000089400000, 0x0000000089500000, 0x0000000089500000|100%| O|  |TAMS 0x0000000089500000| PB 0x0000000089400000| Untracked |  0
| 149|0x0000000089500000, 0x0000000089600000, 0x0000000089600000|100%| O|  |TAMS 0x0000000089600000| PB 0x0000000089500000| Untracked |  0
| 150|0x0000000089600000, 0x0000000089700000, 0x0000000089700000|100%| O|  |TAMS 0x0000000089700000| PB 0x0000000089600000| Untracked |  0
| 151|0x0000000089700000, 0x0000000089800000, 0x0000000089800000|100%| O|  |TAMS 0x0000000089800000| PB 0x0000000089700000| Untracked |  0
| 152|0x0000000089800000, 0x0000000089900000, 0x0000000089900000|100%| O|  |TAMS 0x0000000089900000| PB 0x0000000089800000| Untracked |  0
| 153|0x0000000089900000, 0x0000000089a00000, 0x0000000089a00000|100%| O|  |TAMS 0x0000000089a00000| PB 0x0000000089900000| Untracked |  0
| 154|0x0000000089a00000, 0x0000000089b00000, 0x0000000089b00000|100%| O|  |TAMS 0x0000000089b00000| PB 0x0000000089a00000| Untracked |  0
| 155|0x0000000089b00000, 0x0000000089c00000, 0x0000000089c00000|100%| O|  |TAMS 0x0000000089c00000| PB 0x0000000089b00000| Untracked |  0
| 156|0x0000000089c00000, 0x0000000089d00000, 0x0000000089d00000|100%| O|  |TAMS 0x0000000089d00000| PB 0x0000000089c00000| Untracked |  0
| 157|0x0000000089d00000, 0x0000000089e00000, 0x0000000089e00000|100%| O|  |TAMS 0x0000000089e00000| PB 0x0000000089d00000| Untracked |  0
| 158|0x0000000089e00000, 0x0000000089f00000, 0x0000000089f00000|100%| O|  |TAMS 0x0000000089f00000| PB 0x0000000089e00000| Untracked |  0
| 159|0x0000000089f00000, 0x000000008a000000, 0x000000008a000000|100%| O|  |TAMS 0x000000008a000000| PB 0x0000000089f00000| Untracked |  0
| 160|0x000000008a000000, 0x000000008a100000, 0x000000008a100000|100%| O|  |TAMS 0x000000008a100000| PB 0x000000008a000000| Untracked |  0
| 161|0x000000008a100000, 0x000000008a200000, 0x000000008a200000|100%| O|  |TAMS 0x000000008a100000| PB 0x000000008a100000| Untracked |  0
| 162|0x000000008a200000, 0x000000008a300000, 0x000000008a300000|100%| O|  |TAMS 0x000000008a200000| PB 0x000000008a200000| Untracked |  0
| 163|0x000000008a300000, 0x000000008a400000, 0x000000008a400000|100%| O|  |TAMS 0x000000008a300000| PB 0x000000008a300000| Untracked |  0
| 164|0x000000008a400000, 0x000000008a500000, 0x000000008a500000|100%| O|  |TAMS 0x000000008a500000| PB 0x000000008a400000| Untracked |  0
| 165|0x000000008a500000, 0x000000008a600000, 0x000000008a600000|100%|HS|  |TAMS 0x000000008a600000| PB 0x000000008a500000| Complete |  0
| 166|0x000000008a600000, 0x000000008a700000, 0x000000008a700000|100%|HS|  |TAMS 0x000000008a700000| PB 0x000000008a600000| Complete |  0
| 167|0x000000008a700000, 0x000000008a800000, 0x000000008a800000|100%|HS|  |TAMS 0x000000008a800000| PB 0x000000008a700000| Complete |  0
| 168|0x000000008a800000, 0x000000008a900000, 0x000000008a900000|100%| O|  |TAMS 0x000000008a900000| PB 0x000000008a800000| Untracked |  0
| 169|0x000000008a900000, 0x000000008aa00000, 0x000000008aa00000|100%| O|  |TAMS 0x000000008aa00000| PB 0x000000008a900000| Untracked |  0
| 170|0x000000008aa00000, 0x000000008ab00000, 0x000000008ab00000|100%| O|  |TAMS 0x000000008ab00000| PB 0x000000008aa00000| Untracked |  0
| 171|0x000000008ab00000, 0x000000008ac00000, 0x000000008ac00000|100%| O|  |TAMS 0x000000008ac00000| PB 0x000000008ab00000| Untracked |  0
| 172|0x000000008ac00000, 0x000000008ad00000, 0x000000008ad00000|100%| O|  |TAMS 0x000000008ad00000| PB 0x000000008ac00000| Untracked |  0
| 173|0x000000008ad00000, 0x000000008ae00000, 0x000000008ae00000|100%| O|  |TAMS 0x000000008ae00000| PB 0x000000008ad00000| Untracked |  0
| 174|0x000000008ae00000, 0x000000008af00000, 0x000000008af00000|100%| O|  |TAMS 0x000000008af00000| PB 0x000000008ae00000| Untracked |  0
| 175|0x000000008af00000, 0x000000008b000000, 0x000000008b000000|100%| O|  |TAMS 0x000000008b000000| PB 0x000000008af00000| Untracked |  0
| 176|0x000000008b000000, 0x000000008b100000, 0x000000008b100000|100%| O|  |TAMS 0x000000008b100000| PB 0x000000008b000000| Untracked |  0
| 177|0x000000008b100000, 0x000000008b200000, 0x000000008b200000|100%| O|  |TAMS 0x000000008b200000| PB 0x000000008b100000| Untracked |  0
| 178|0x000000008b200000, 0x000000008b300000, 0x000000008b300000|100%| O|  |TAMS 0x000000008b300000| PB 0x000000008b200000| Untracked |  0
| 179|0x000000008b300000, 0x000000008b400000, 0x000000008b400000|100%| O|  |TAMS 0x000000008b400000| PB 0x000000008b300000| Untracked |  0
| 180|0x000000008b400000, 0x000000008b500000, 0x000000008b500000|100%| O|  |TAMS 0x000000008b500000| PB 0x000000008b400000| Untracked |  0
| 181|0x000000008b500000, 0x000000008b600000, 0x000000008b600000|100%| O|  |TAMS 0x000000008b600000| PB 0x000000008b500000| Untracked |  0
| 182|0x000000008b600000, 0x000000008b700000, 0x000000008b700000|100%| O|  |TAMS 0x000000008b700000| PB 0x000000008b600000| Untracked |  0
| 183|0x000000008b700000, 0x000000008b800000, 0x000000008b800000|100%| O|  |TAMS 0x000000008b800000| PB 0x000000008b700000| Untracked |  0
| 184|0x000000008b800000, 0x000000008b900000, 0x000000008b900000|100%| O|  |TAMS 0x000000008b900000| PB 0x000000008b800000| Untracked |  0
| 185|0x000000008b900000, 0x000000008ba00000, 0x000000008ba00000|100%| O|  |TAMS 0x000000008ba00000| PB 0x000000008b900000| Untracked |  0
| 186|0x000000008ba00000, 0x000000008bb00000, 0x000000008bb00000|100%| O|  |TAMS 0x000000008bb00000| PB 0x000000008ba00000| Untracked |  0
| 187|0x000000008bb00000, 0x000000008bc00000, 0x000000008bc00000|100%| O|  |TAMS 0x000000008bc00000| PB 0x000000008bb00000| Untracked |  0
| 188|0x000000008bc00000, 0x000000008bd00000, 0x000000008bd00000|100%|HS|  |TAMS 0x000000008bd00000| PB 0x000000008bc00000| Complete |  0
| 189|0x000000008bd00000, 0x000000008be00000, 0x000000008be00000|100%|HS|  |TAMS 0x000000008be00000| PB 0x000000008bd00000| Complete |  0
| 190|0x000000008be00000, 0x000000008bf00000, 0x000000008bf00000|100%| O|  |TAMS 0x000000008bf00000| PB 0x000000008be00000| Untracked |  0
| 191|0x000000008bf00000, 0x000000008c000000, 0x000000008c000000|100%| O|  |TAMS 0x000000008c000000| PB 0x000000008bf00000| Untracked |  0
| 192|0x000000008c000000, 0x000000008c100000, 0x000000008c100000|100%| O|  |TAMS 0x000000008c100000| PB 0x000000008c000000| Untracked |  0
| 193|0x000000008c100000, 0x000000008c200000, 0x000000008c200000|100%| O|  |TAMS 0x000000008c200000| PB 0x000000008c100000| Untracked |  0
| 194|0x000000008c200000, 0x000000008c300000, 0x000000008c300000|100%| O|  |TAMS 0x000000008c300000| PB 0x000000008c200000| Untracked |  0
| 195|0x000000008c300000, 0x000000008c400000, 0x000000008c400000|100%| O|  |TAMS 0x000000008c400000| PB 0x000000008c300000| Untracked |  0
| 196|0x000000008c400000, 0x000000008c500000, 0x000000008c500000|100%| O|  |TAMS 0x000000008c500000| PB 0x000000008c400000| Untracked |  0
| 197|0x000000008c500000, 0x000000008c600000, 0x000000008c600000|100%| O|  |TAMS 0x000000008c600000| PB 0x000000008c500000| Untracked |  0
| 198|0x000000008c600000, 0x000000008c700000, 0x000000008c700000|100%| O|  |TAMS 0x000000008c600000| PB 0x000000008c600000| Untracked |  0
| 199|0x000000008c700000, 0x000000008c800000, 0x000000008c800000|100%| O|  |TAMS 0x000000008c800000| PB 0x000000008c700000| Untracked |  0
| 200|0x000000008c800000, 0x000000008c900000, 0x000000008c900000|100%| O|  |TAMS 0x000000008c900000| PB 0x000000008c800000| Untracked |  0
| 201|0x000000008c900000, 0x000000008ca00000, 0x000000008ca00000|100%| O|  |TAMS 0x000000008ca00000| PB 0x000000008c900000| Untracked |  0
| 202|0x000000008ca00000, 0x000000008cb00000, 0x000000008cb00000|100%| O|  |TAMS 0x000000008cb00000| PB 0x000000008ca00000| Untracked |  0
| 203|0x000000008cb00000, 0x000000008cc00000, 0x000000008cc00000|100%| O|  |TAMS 0x000000008cb00000| PB 0x000000008cb00000| Untracked |  0
| 204|0x000000008cc00000, 0x000000008cd00000, 0x000000008cd00000|100%| O|  |TAMS 0x000000008cd00000| PB 0x000000008cc00000| Untracked |  0
| 205|0x000000008cd00000, 0x000000008ce00000, 0x000000008ce00000|100%| O|  |TAMS 0x000000008ce00000| PB 0x000000008cd00000| Untracked |  0
| 206|0x000000008ce00000, 0x000000008cf00000, 0x000000008cf00000|100%| O|  |TAMS 0x000000008cf00000| PB 0x000000008ce00000| Untracked |  0
| 207|0x000000008cf00000, 0x000000008d000000, 0x000000008d000000|100%| O|  |TAMS 0x000000008d000000| PB 0x000000008cf00000| Untracked |  0
| 208|0x000000008d000000, 0x000000008d100000, 0x000000008d100000|100%| O|  |TAMS 0x000000008d100000| PB 0x000000008d000000| Untracked |  0
| 209|0x000000008d100000, 0x000000008d200000, 0x000000008d200000|100%| O|  |TAMS 0x000000008d100000| PB 0x000000008d100000| Untracked |  0
| 210|0x000000008d200000, 0x000000008d300000, 0x000000008d300000|100%| O|  |TAMS 0x000000008d300000| PB 0x000000008d200000| Untracked |  0
| 211|0x000000008d300000, 0x000000008d400000, 0x000000008d400000|100%| O|  |TAMS 0x000000008d400000| PB 0x000000008d300000| Untracked |  0
| 212|0x000000008d400000, 0x000000008d500000, 0x000000008d500000|100%| O|  |TAMS 0x000000008d500000| PB 0x000000008d400000| Untracked |  0
| 213|0x000000008d500000, 0x000000008d600000, 0x000000008d600000|100%| O|  |TAMS 0x000000008d600000| PB 0x000000008d500000| Untracked |  0
| 214|0x000000008d600000, 0x000000008d700000, 0x000000008d700000|100%| O|  |TAMS 0x000000008d600000| PB 0x000000008d600000| Untracked |  0
| 215|0x000000008d700000, 0x000000008d800000, 0x000000008d800000|100%|HS|  |TAMS 0x000000008d800000| PB 0x000000008d700000| Complete |  0
| 216|0x000000008d800000, 0x000000008d900000, 0x000000008d900000|100%| O|  |TAMS 0x000000008d900000| PB 0x000000008d800000| Untracked |  0
| 217|0x000000008d900000, 0x000000008da00000, 0x000000008da00000|100%| O|  |TAMS 0x000000008d900000| PB 0x000000008d900000| Untracked |  0
| 218|0x000000008da00000, 0x000000008db00000, 0x000000008db00000|100%| O|  |TAMS 0x000000008db00000| PB 0x000000008da00000| Untracked |  0
| 219|0x000000008db00000, 0x000000008dc00000, 0x000000008dc00000|100%| O|  |TAMS 0x000000008db00000| PB 0x000000008db00000| Untracked |  0
| 220|0x000000008dc00000, 0x000000008dd00000, 0x000000008dd00000|100%| O|  |TAMS 0x000000008dd00000| PB 0x000000008dc00000| Untracked |  0
| 221|0x000000008dd00000, 0x000000008de00000, 0x000000008de00000|100%| O|  |TAMS 0x000000008de00000| PB 0x000000008dd00000| Untracked |  0
| 222|0x000000008de00000, 0x000000008df00000, 0x000000008df00000|100%| O|  |TAMS 0x000000008df00000| PB 0x000000008de00000| Untracked |  0
| 223|0x000000008df00000, 0x000000008e000000, 0x000000008e000000|100%| O|  |TAMS 0x000000008e000000| PB 0x000000008df00000| Untracked |  0
| 224|0x000000008e000000, 0x000000008e100000, 0x000000008e100000|100%| O|  |TAMS 0x000000008e100000| PB 0x000000008e000000| Untracked |  0
| 225|0x000000008e100000, 0x000000008e200000, 0x000000008e200000|100%| O|  |TAMS 0x000000008e200000| PB 0x000000008e100000| Untracked |  0
| 226|0x000000008e200000, 0x000000008e300000, 0x000000008e300000|100%| O|  |TAMS 0x000000008e300000| PB 0x000000008e200000| Untracked |  0
| 227|0x000000008e300000, 0x000000008e400000, 0x000000008e400000|100%| O|  |TAMS 0x000000008e400000| PB 0x000000008e300000| Untracked |  0
| 228|0x000000008e400000, 0x000000008e500000, 0x000000008e500000|100%| O|  |TAMS 0x000000008e400000| PB 0x000000008e400000| Untracked |  0
| 229|0x000000008e500000, 0x000000008e600000, 0x000000008e600000|100%| O|  |TAMS 0x000000008e500000| PB 0x000000008e500000| Untracked |  0
| 230|0x000000008e600000, 0x000000008e700000, 0x000000008e700000|100%| O|  |TAMS 0x000000008e600000| PB 0x000000008e600000| Untracked |  0
| 231|0x000000008e700000, 0x000000008e800000, 0x000000008e800000|100%| O|  |TAMS 0x000000008e800000| PB 0x000000008e700000| Untracked |  0
| 232|0x000000008e800000, 0x000000008e900000, 0x000000008e900000|100%| O|  |TAMS 0x000000008e900000| PB 0x000000008e800000| Untracked |  0
| 233|0x000000008e900000, 0x000000008ea00000, 0x000000008ea00000|100%| O|  |TAMS 0x000000008ea00000| PB 0x000000008e900000| Untracked |  0
| 234|0x000000008ea00000, 0x000000008eb00000, 0x000000008eb00000|100%| O|  |TAMS 0x000000008eb00000| PB 0x000000008ea00000| Untracked |  0
| 235|0x000000008eb00000, 0x000000008ec00000, 0x000000008ec00000|100%| O|  |TAMS 0x000000008ec00000| PB 0x000000008eb00000| Untracked |  0
| 236|0x000000008ec00000, 0x000000008ed00000, 0x000000008ed00000|100%| O|  |TAMS 0x000000008ed00000| PB 0x000000008ec00000| Untracked |  0
| 237|0x000000008ed00000, 0x000000008ee00000, 0x000000008ee00000|100%| O|  |TAMS 0x000000008ee00000| PB 0x000000008ed00000| Untracked |  0
| 238|0x000000008ee00000, 0x000000008ef00000, 0x000000008ef00000|100%| O|  |TAMS 0x000000008ef00000| PB 0x000000008ee00000| Untracked |  0
| 239|0x000000008ef00000, 0x000000008f000000, 0x000000008f000000|100%| O|  |TAMS 0x000000008ef00000| PB 0x000000008ef00000| Untracked |  0
| 240|0x000000008f000000, 0x000000008f100000, 0x000000008f100000|100%| O|  |TAMS 0x000000008f100000| PB 0x000000008f000000| Untracked |  0
| 241|0x000000008f100000, 0x000000008f200000, 0x000000008f200000|100%| O|  |TAMS 0x000000008f200000| PB 0x000000008f100000| Untracked |  0
| 242|0x000000008f200000, 0x000000008f300000, 0x000000008f300000|100%| O|  |TAMS 0x000000008f300000| PB 0x000000008f200000| Untracked |  0
| 243|0x000000008f300000, 0x000000008f400000, 0x000000008f400000|100%| O|  |TAMS 0x000000008f400000| PB 0x000000008f300000| Untracked |  0
| 244|0x000000008f400000, 0x000000008f500000, 0x000000008f500000|100%| O|  |TAMS 0x000000008f500000| PB 0x000000008f400000| Untracked |  0
| 245|0x000000008f500000, 0x000000008f600000, 0x000000008f600000|100%| O|  |TAMS 0x000000008f600000| PB 0x000000008f500000| Untracked |  0
| 246|0x000000008f600000, 0x000000008f700000, 0x000000008f700000|100%| O|  |TAMS 0x000000008f700000| PB 0x000000008f600000| Untracked |  0
| 247|0x000000008f700000, 0x000000008f800000, 0x000000008f800000|100%| O|  |TAMS 0x000000008f700000| PB 0x000000008f700000| Untracked |  0
| 248|0x000000008f800000, 0x000000008f900000, 0x000000008f900000|100%| O|  |TAMS 0x000000008f900000| PB 0x000000008f800000| Untracked |  0
| 249|0x000000008f900000, 0x000000008fa00000, 0x000000008fa00000|100%| O|  |TAMS 0x000000008f900000| PB 0x000000008f900000| Untracked |  0
| 250|0x000000008fa00000, 0x000000008fb00000, 0x000000008fb00000|100%| O|  |TAMS 0x000000008fa00000| PB 0x000000008fa00000| Untracked |  0
| 251|0x000000008fb00000, 0x000000008fc00000, 0x000000008fc00000|100%| O|  |TAMS 0x000000008fc00000| PB 0x000000008fb00000| Untracked |  0
| 252|0x000000008fc00000, 0x000000008fd00000, 0x000000008fd00000|100%| O|  |TAMS 0x000000008fc00000| PB 0x000000008fc00000| Untracked |  0
| 253|0x000000008fd00000, 0x000000008fe00000, 0x000000008fe00000|100%| O|  |TAMS 0x000000008fd00000| PB 0x000000008fd00000| Untracked |  0
| 254|0x000000008fe00000, 0x000000008ff00000, 0x000000008ff00000|100%|HS|  |TAMS 0x000000008ff00000| PB 0x000000008fe00000| Complete |  0
| 255|0x000000008ff00000, 0x0000000090000000, 0x0000000090000000|100%|HS|  |TAMS 0x0000000090000000| PB 0x000000008ff00000| Complete |  0
| 256|0x0000000090000000, 0x0000000090100000, 0x0000000090100000|100%|HS|  |TAMS 0x0000000090100000| PB 0x0000000090000000| Complete |  0
| 257|0x0000000090100000, 0x0000000090200000, 0x0000000090200000|100%|HC|  |TAMS 0x0000000090200000| PB 0x0000000090100000| Complete |  0
| 258|0x0000000090200000, 0x0000000090300000, 0x0000000090300000|100%|HC|  |TAMS 0x0000000090300000| PB 0x0000000090200000| Complete |  0
| 259|0x0000000090300000, 0x0000000090400000, 0x0000000090400000|100%|HC|  |TAMS 0x0000000090400000| PB 0x0000000090300000| Complete |  0
| 260|0x0000000090400000, 0x0000000090500000, 0x0000000090500000|100%|HC|  |TAMS 0x0000000090500000| PB 0x0000000090400000| Complete |  0
| 261|0x0000000090500000, 0x0000000090600000, 0x0000000090600000|100%|HC|  |TAMS 0x0000000090600000| PB 0x0000000090500000| Complete |  0
| 262|0x0000000090600000, 0x0000000090700000, 0x0000000090700000|100%|HS|  |TAMS 0x0000000090700000| PB 0x0000000090600000| Complete |  0
| 263|0x0000000090700000, 0x0000000090800000, 0x0000000090800000|100%|HC|  |TAMS 0x0000000090800000| PB 0x0000000090700000| Complete |  0
| 264|0x0000000090800000, 0x0000000090900000, 0x0000000090900000|100%|HS|  |TAMS 0x0000000090900000| PB 0x0000000090800000| Complete |  0
| 265|0x0000000090900000, 0x0000000090a00000, 0x0000000090a00000|100%| O|  |TAMS 0x0000000090a00000| PB 0x0000000090900000| Untracked |  0
| 266|0x0000000090a00000, 0x0000000090b00000, 0x0000000090b00000|100%| O|  |TAMS 0x0000000090b00000| PB 0x0000000090a00000| Untracked |  0
| 267|0x0000000090b00000, 0x0000000090c00000, 0x0000000090c00000|100%| O|  |TAMS 0x0000000090b00000| PB 0x0000000090b00000| Untracked |  0
| 268|0x0000000090c00000, 0x0000000090d00000, 0x0000000090d00000|100%| O|  |TAMS 0x0000000090c00000| PB 0x0000000090c00000| Untracked |  0
| 269|0x0000000090d00000, 0x0000000090e00000, 0x0000000090e00000|100%| O|  |TAMS 0x0000000090d00000| PB 0x0000000090d00000| Untracked |  0
| 270|0x0000000090e00000, 0x0000000090f00000, 0x0000000090f00000|100%| O|  |TAMS 0x0000000090e00000| PB 0x0000000090e00000| Untracked |  0
| 271|0x0000000090f00000, 0x0000000091000000, 0x0000000091000000|100%| O|  |TAMS 0x0000000090f00000| PB 0x0000000090f00000| Untracked |  0
| 272|0x0000000091000000, 0x0000000091100000, 0x0000000091100000|100%|HS|  |TAMS 0x0000000091100000| PB 0x0000000091000000| Complete |  0
| 273|0x0000000091100000, 0x0000000091200000, 0x0000000091200000|100%|HC|  |TAMS 0x0000000091200000| PB 0x0000000091100000| Complete |  0
| 274|0x0000000091200000, 0x0000000091300000, 0x0000000091300000|100%|HC|  |TAMS 0x0000000091300000| PB 0x0000000091200000| Complete |  0
| 275|0x0000000091300000, 0x0000000091400000, 0x0000000091400000|100%|HC|  |TAMS 0x0000000091400000| PB 0x0000000091300000| Complete |  0
| 276|0x0000000091400000, 0x0000000091500000, 0x0000000091500000|100%|HC|  |TAMS 0x0000000091500000| PB 0x0000000091400000| Complete |  0
| 277|0x0000000091500000, 0x0000000091600000, 0x0000000091600000|100%| O|  |TAMS 0x0000000091600000| PB 0x0000000091500000| Untracked |  0
| 278|0x0000000091600000, 0x0000000091700000, 0x0000000091700000|100%| O|  |TAMS 0x0000000091600000| PB 0x0000000091600000| Untracked |  0
| 279|0x0000000091700000, 0x0000000091800000, 0x0000000091800000|100%| O|  |TAMS 0x0000000091800000| PB 0x0000000091700000| Untracked |  0
| 280|0x0000000091800000, 0x0000000091900000, 0x0000000091900000|100%|HS|  |TAMS 0x0000000091900000| PB 0x0000000091800000| Complete |  0
| 281|0x0000000091900000, 0x0000000091a00000, 0x0000000091a00000|100%|HC|  |TAMS 0x0000000091a00000| PB 0x0000000091900000| Complete |  0
| 282|0x0000000091a00000, 0x0000000091b00000, 0x0000000091b00000|100%|HS|  |TAMS 0x0000000091b00000| PB 0x0000000091a00000| Complete |  0
| 283|0x0000000091b00000, 0x0000000091c00000, 0x0000000091c00000|100%|HC|  |TAMS 0x0000000091c00000| PB 0x0000000091b00000| Complete |  0
| 284|0x0000000091c00000, 0x0000000091d00000, 0x0000000091d00000|100%|HC|  |TAMS 0x0000000091d00000| PB 0x0000000091c00000| Complete |  0
| 285|0x0000000091d00000, 0x0000000091e00000, 0x0000000091e00000|100%|HC|  |TAMS 0x0000000091e00000| PB 0x0000000091d00000| Complete |  0
| 286|0x0000000091e00000, 0x0000000091f00000, 0x0000000091f00000|100%| O|  |TAMS 0x0000000091f00000| PB 0x0000000091e00000| Untracked |  0
| 287|0x0000000091f00000, 0x0000000092000000, 0x0000000092000000|100%|HS|  |TAMS 0x0000000092000000| PB 0x0000000091f00000| Complete |  0
| 288|0x0000000092000000, 0x0000000092100000, 0x0000000092100000|100%|HC|  |TAMS 0x0000000092100000| PB 0x0000000092000000| Complete |  0
| 289|0x0000000092100000, 0x0000000092200000, 0x0000000092200000|100%|HC|  |TAMS 0x0000000092200000| PB 0x0000000092100000| Complete |  0
| 290|0x0000000092200000, 0x0000000092300000, 0x0000000092300000|100%| O|  |TAMS 0x0000000092300000| PB 0x0000000092200000| Untracked |  0
| 291|0x0000000092300000, 0x0000000092400000, 0x0000000092400000|100%| O|  |TAMS 0x0000000092400000| PB 0x0000000092300000| Untracked |  0
| 292|0x0000000092400000, 0x0000000092500000, 0x0000000092500000|100%| O|  |TAMS 0x0000000092500000| PB 0x0000000092400000| Untracked |  0
| 293|0x0000000092500000, 0x0000000092600000, 0x0000000092600000|100%| O|  |TAMS 0x0000000092600000| PB 0x0000000092500000| Untracked |  0
| 294|0x0000000092600000, 0x0000000092700000, 0x0000000092700000|100%| O|  |TAMS 0x0000000092700000| PB 0x0000000092600000| Untracked |  0
| 295|0x0000000092700000, 0x0000000092800000, 0x0000000092800000|100%| O|  |TAMS 0x0000000092700000| PB 0x0000000092700000| Untracked |  0
| 296|0x0000000092800000, 0x0000000092900000, 0x0000000092900000|100%| O|  |TAMS 0x0000000092900000| PB 0x0000000092800000| Untracked |  0
| 297|0x0000000092900000, 0x0000000092a00000, 0x0000000092a00000|100%| O|  |TAMS 0x0000000092a00000| PB 0x0000000092900000| Untracked |  0
| 298|0x0000000092a00000, 0x0000000092b00000, 0x0000000092b00000|100%| O|  |TAMS 0x0000000092b00000| PB 0x0000000092a00000| Untracked |  0
| 299|0x0000000092b00000, 0x0000000092c00000, 0x0000000092c00000|100%| O|  |TAMS 0x0000000092c00000| PB 0x0000000092b00000| Untracked |  0
| 300|0x0000000092c00000, 0x0000000092d00000, 0x0000000092d00000|100%| O|  |TAMS 0x0000000092d00000| PB 0x0000000092c00000| Untracked |  0
| 301|0x0000000092d00000, 0x0000000092e00000, 0x0000000092e00000|100%| O|  |TAMS 0x0000000092e00000| PB 0x0000000092d00000| Untracked |  0
| 302|0x0000000092e00000, 0x0000000092f00000, 0x0000000092f00000|100%| O|  |TAMS 0x0000000092f00000| PB 0x0000000092e00000| Untracked |  0
| 303|0x0000000092f00000, 0x0000000093000000, 0x0000000093000000|100%| O|  |TAMS 0x0000000092f00000| PB 0x0000000092f00000| Untracked |  0
| 304|0x0000000093000000, 0x0000000093100000, 0x0000000093100000|100%|HS|  |TAMS 0x0000000093100000| PB 0x0000000093000000| Complete |  0
| 305|0x0000000093100000, 0x0000000093200000, 0x0000000093200000|100%|HC|  |TAMS 0x0000000093200000| PB 0x0000000093100000| Complete |  0
| 306|0x0000000093200000, 0x0000000093300000, 0x0000000093300000|100%|HS|  |TAMS 0x0000000093300000| PB 0x0000000093200000| Complete |  0
| 307|0x0000000093300000, 0x0000000093400000, 0x0000000093400000|100%|HC|  |TAMS 0x0000000093400000| PB 0x0000000093300000| Complete |  0
| 308|0x0000000093400000, 0x0000000093500000, 0x0000000093500000|100%|HS|  |TAMS 0x0000000093500000| PB 0x0000000093400000| Complete |  0
| 309|0x0000000093500000, 0x0000000093600000, 0x0000000093600000|100%|HC|  |TAMS 0x0000000093600000| PB 0x0000000093500000| Complete |  0
| 310|0x0000000093600000, 0x0000000093700000, 0x0000000093700000|100%|HC|  |TAMS 0x0000000093700000| PB 0x0000000093600000| Complete |  0
| 311|0x0000000093700000, 0x0000000093800000, 0x0000000093800000|100%| O|  |TAMS 0x0000000093700000| PB 0x0000000093700000| Untracked |  0
| 312|0x0000000093800000, 0x0000000093900000, 0x0000000093900000|100%| O|  |TAMS 0x0000000093800000| PB 0x0000000093800000| Untracked |  0
| 313|0x0000000093900000, 0x0000000093a00000, 0x0000000093a00000|100%| O|  |TAMS 0x0000000093900000| PB 0x0000000093900000| Untracked |  0
| 314|0x0000000093a00000, 0x0000000093b00000, 0x0000000093b00000|100%| O|  |TAMS 0x0000000093a00000| PB 0x0000000093a00000| Untracked |  0
| 315|0x0000000093b00000, 0x0000000093c00000, 0x0000000093c00000|100%| O|  |TAMS 0x0000000093b00000| PB 0x0000000093b00000| Untracked |  0
| 316|0x0000000093c00000, 0x0000000093d00000, 0x0000000093d00000|100%|HS|  |TAMS 0x0000000093d00000| PB 0x0000000093c00000| Complete |  0
| 317|0x0000000093d00000, 0x0000000093e00000, 0x0000000093e00000|100%|HC|  |TAMS 0x0000000093e00000| PB 0x0000000093d00000| Complete |  0
| 318|0x0000000093e00000, 0x0000000093f00000, 0x0000000093f00000|100%|HS|  |TAMS 0x0000000093f00000| PB 0x0000000093e00000| Complete |  0
| 319|0x0000000093f00000, 0x0000000094000000, 0x0000000094000000|100%|HC|  |TAMS 0x0000000094000000| PB 0x0000000093f00000| Complete |  0
| 320|0x0000000094000000, 0x0000000094100000, 0x0000000094100000|100%| O|  |TAMS 0x0000000094100000| PB 0x0000000094000000| Untracked |  0
| 321|0x0000000094100000, 0x0000000094200000, 0x0000000094200000|100%|HS|  |TAMS 0x0000000094200000| PB 0x0000000094100000| Complete |  0
| 322|0x0000000094200000, 0x0000000094300000, 0x0000000094300000|100%|HC|  |TAMS 0x0000000094300000| PB 0x0000000094200000| Complete |  0
| 323|0x0000000094300000, 0x0000000094400000, 0x0000000094400000|100%|HC|  |TAMS 0x0000000094400000| PB 0x0000000094300000| Complete |  0
| 324|0x0000000094400000, 0x0000000094500000, 0x0000000094500000|100%|HC|  |TAMS 0x0000000094500000| PB 0x0000000094400000| Complete |  0
| 325|0x0000000094500000, 0x0000000094600000, 0x0000000094600000|100%|HC|  |TAMS 0x0000000094600000| PB 0x0000000094500000| Complete |  0
| 326|0x0000000094600000, 0x0000000094700000, 0x0000000094700000|100%|HC|  |TAMS 0x0000000094700000| PB 0x0000000094600000| Complete |  0
| 327|0x0000000094700000, 0x0000000094800000, 0x0000000094800000|100%| O|  |TAMS 0x0000000094800000| PB 0x0000000094700000| Untracked |  0
| 328|0x0000000094800000, 0x0000000094900000, 0x0000000094900000|100%| O|  |TAMS 0x0000000094900000| PB 0x0000000094800000| Untracked |  0
| 329|0x0000000094900000, 0x0000000094a00000, 0x0000000094a00000|100%|HS|  |TAMS 0x0000000094a00000| PB 0x0000000094900000| Complete |  0
| 330|0x0000000094a00000, 0x0000000094b00000, 0x0000000094b00000|100%|HC|  |TAMS 0x0000000094b00000| PB 0x0000000094a00000| Complete |  0
| 331|0x0000000094b00000, 0x0000000094c00000, 0x0000000094c00000|100%| O|  |TAMS 0x0000000094b00000| PB 0x0000000094b00000| Untracked |  0
| 332|0x0000000094c00000, 0x0000000094d00000, 0x0000000094d00000|100%| O|  |TAMS 0x0000000094c00000| PB 0x0000000094c00000| Untracked |  0
| 333|0x0000000094d00000, 0x0000000094e00000, 0x0000000094e00000|100%| O|  |TAMS 0x0000000094d00000| PB 0x0000000094d00000| Untracked |  0
| 334|0x0000000094e00000, 0x0000000094f00000, 0x0000000094f00000|100%| O|  |TAMS 0x0000000094e00000| PB 0x0000000094e00000| Untracked |  0
| 335|0x0000000094f00000, 0x0000000095000000, 0x0000000095000000|100%| O|  |TAMS 0x0000000094f00000| PB 0x0000000094f00000| Untracked |  0
| 336|0x0000000095000000, 0x0000000095100000, 0x0000000095100000|100%| O|  |TAMS 0x0000000095100000| PB 0x0000000095000000| Untracked |  0
| 337|0x0000000095100000, 0x0000000095200000, 0x0000000095200000|100%| O|  |TAMS 0x0000000095200000| PB 0x0000000095100000| Untracked |  0
| 338|0x0000000095200000, 0x0000000095300000, 0x0000000095300000|100%| O|  |TAMS 0x0000000095300000| PB 0x0000000095200000| Untracked |  0
| 339|0x0000000095300000, 0x0000000095400000, 0x0000000095400000|100%| O|  |TAMS 0x0000000095400000| PB 0x0000000095300000| Untracked |  0
| 340|0x0000000095400000, 0x0000000095500000, 0x0000000095500000|100%| O|  |TAMS 0x0000000095500000| PB 0x0000000095400000| Untracked |  0
| 341|0x0000000095500000, 0x0000000095600000, 0x0000000095600000|100%|HS|  |TAMS 0x0000000095600000| PB 0x0000000095500000| Complete |  0
| 342|0x0000000095600000, 0x0000000095700000, 0x0000000095700000|100%|HC|  |TAMS 0x0000000095700000| PB 0x0000000095600000| Complete |  0
| 343|0x0000000095700000, 0x0000000095800000, 0x0000000095800000|100%|HC|  |TAMS 0x0000000095800000| PB 0x0000000095700000| Complete |  0
| 344|0x0000000095800000, 0x0000000095900000, 0x0000000095900000|100%|HC|  |TAMS 0x0000000095900000| PB 0x0000000095800000| Complete |  0
| 345|0x0000000095900000, 0x0000000095a00000, 0x0000000095a00000|100%|HC|  |TAMS 0x0000000095a00000| PB 0x0000000095900000| Complete |  0
| 346|0x0000000095a00000, 0x0000000095b00000, 0x0000000095b00000|100%|HS|  |TAMS 0x0000000095b00000| PB 0x0000000095a00000| Complete |  0
| 347|0x0000000095b00000, 0x0000000095c00000, 0x0000000095c00000|100%| O|  |TAMS 0x0000000095c00000| PB 0x0000000095b00000| Untracked |  0
| 348|0x0000000095c00000, 0x0000000095d00000, 0x0000000095d00000|100%|HS|  |TAMS 0x0000000095d00000| PB 0x0000000095c00000| Complete |  0
| 349|0x0000000095d00000, 0x0000000095e00000, 0x0000000095e00000|100%| O|  |TAMS 0x0000000095e00000| PB 0x0000000095d00000| Untracked |  0
| 350|0x0000000095e00000, 0x0000000095f00000, 0x0000000095f00000|100%|HS|  |TAMS 0x0000000095f00000| PB 0x0000000095e00000| Complete |  0
| 351|0x0000000095f00000, 0x0000000096000000, 0x0000000096000000|100%| O|  |TAMS 0x0000000096000000| PB 0x0000000095f00000| Untracked |  0
| 352|0x0000000096000000, 0x0000000096100000, 0x0000000096100000|100%| O|  |TAMS 0x0000000096100000| PB 0x0000000096000000| Untracked |  0
| 353|0x0000000096100000, 0x0000000096200000, 0x0000000096200000|100%| O|  |TAMS 0x0000000096200000| PB 0x0000000096100000| Untracked |  0
| 354|0x0000000096200000, 0x0000000096300000, 0x0000000096300000|100%| O|  |TAMS 0x0000000096300000| PB 0x0000000096200000| Untracked |  0
| 355|0x0000000096300000, 0x0000000096300000, 0x0000000096400000|  0%| F|  |TAMS 0x0000000096300000| PB 0x0000000096300000| Untracked |  0
| 356|0x0000000096400000, 0x0000000096400000, 0x0000000096500000|  0%| F|  |TAMS 0x0000000096400000| PB 0x0000000096400000| Untracked |  0
| 357|0x0000000096500000, 0x0000000096600000, 0x0000000096600000|100%|HS|  |TAMS 0x0000000096600000| PB 0x0000000096500000| Complete |  0
| 358|0x0000000096600000, 0x0000000096700000, 0x0000000096700000|100%|HC|  |TAMS 0x0000000096700000| PB 0x0000000096600000| Complete |  0
| 359|0x0000000096700000, 0x0000000096800000, 0x0000000096800000|100%|HC|  |TAMS 0x0000000096800000| PB 0x0000000096700000| Complete |  0
| 360|0x0000000096800000, 0x0000000096800000, 0x0000000096900000|  0%| F|  |TAMS 0x0000000096800000| PB 0x0000000096800000| Untracked |  0
| 361|0x0000000096900000, 0x0000000096900000, 0x0000000096a00000|  0%| F|  |TAMS 0x0000000096900000| PB 0x0000000096900000| Untracked |  0
| 362|0x0000000096a00000, 0x0000000096a00000, 0x0000000096b00000|  0%| F|  |TAMS 0x0000000096a00000| PB 0x0000000096a00000| Untracked |  0
| 363|0x0000000096b00000, 0x0000000096b00000, 0x0000000096c00000|  0%| F|  |TAMS 0x0000000096b00000| PB 0x0000000096b00000| Untracked |  0
| 364|0x0000000096c00000, 0x0000000096d00000, 0x0000000096d00000|100%|HS|  |TAMS 0x0000000096d00000| PB 0x0000000096c00000| Complete |  0
| 365|0x0000000096d00000, 0x0000000096e00000, 0x0000000096e00000|100%|HC|  |TAMS 0x0000000096e00000| PB 0x0000000096d00000| Complete |  0
| 366|0x0000000096e00000, 0x0000000096e00000, 0x0000000096f00000|  0%| F|  |TAMS 0x0000000096e00000| PB 0x0000000096e00000| Untracked |  0
| 367|0x0000000096f00000, 0x0000000096f00000, 0x0000000097000000|  0%| F|  |TAMS 0x0000000096f00000| PB 0x0000000096f00000| Untracked |  0
| 368|0x0000000097000000, 0x0000000097000000, 0x0000000097100000|  0%| F|  |TAMS 0x0000000097000000| PB 0x0000000097000000| Untracked |  0
| 369|0x0000000097100000, 0x0000000097100000, 0x0000000097200000|  0%| F|  |TAMS 0x0000000097100000| PB 0x0000000097100000| Untracked |  0
| 370|0x0000000097200000, 0x0000000097200000, 0x0000000097300000|  0%| F|  |TAMS 0x0000000097200000| PB 0x0000000097200000| Untracked |  0
| 371|0x0000000097300000, 0x0000000097300000, 0x0000000097400000|  0%| F|  |TAMS 0x0000000097300000| PB 0x0000000097300000| Untracked |  0
| 372|0x0000000097400000, 0x0000000097500000, 0x0000000097500000|100%|HS|  |TAMS 0x0000000097500000| PB 0x0000000097400000| Complete |  0
| 373|0x0000000097500000, 0x0000000097600000, 0x0000000097600000|100%|HC|  |TAMS 0x0000000097600000| PB 0x0000000097500000| Complete |  0
| 374|0x0000000097600000, 0x0000000097700000, 0x0000000097700000|100%|HC|  |TAMS 0x0000000097700000| PB 0x0000000097600000| Complete |  0
| 375|0x0000000097700000, 0x0000000097800000, 0x0000000097800000|100%|HC|  |TAMS 0x0000000097800000| PB 0x0000000097700000| Complete |  0
| 376|0x0000000097800000, 0x0000000097900000, 0x0000000097900000|100%| O|  |TAMS 0x0000000097800000| PB 0x0000000097800000| Untracked |  0
| 377|0x0000000097900000, 0x0000000097a00000, 0x0000000097a00000|100%| O|  |TAMS 0x0000000097900000| PB 0x0000000097900000| Untracked |  0
| 378|0x0000000097a00000, 0x0000000097b00000, 0x0000000097b00000|100%| O|  |TAMS 0x0000000097a00000| PB 0x0000000097a00000| Untracked |  0
| 379|0x0000000097b00000, 0x0000000097c00000, 0x0000000097c00000|100%|HS|  |TAMS 0x0000000097c00000| PB 0x0000000097b00000| Complete |  0
| 380|0x0000000097c00000, 0x0000000097d00000, 0x0000000097d00000|100%|HC|  |TAMS 0x0000000097d00000| PB 0x0000000097c00000| Complete |  0
| 381|0x0000000097d00000, 0x0000000097e00000, 0x0000000097e00000|100%| O|  |TAMS 0x0000000097d00000| PB 0x0000000097d00000| Untracked |  0
| 382|0x0000000097e00000, 0x0000000097f00000, 0x0000000097f00000|100%| O|  |TAMS 0x0000000097e00000| PB 0x0000000097e00000| Untracked |  0
| 383|0x0000000097f00000, 0x0000000098000000, 0x0000000098000000|100%| O|  |TAMS 0x0000000097f00000| PB 0x0000000097f00000| Untracked |  0
| 384|0x0000000098000000, 0x0000000098100000, 0x0000000098100000|100%|HS|  |TAMS 0x0000000098100000| PB 0x0000000098000000| Complete |  0
| 385|0x0000000098100000, 0x0000000098200000, 0x0000000098200000|100%|HC|  |TAMS 0x0000000098200000| PB 0x0000000098100000| Complete |  0
| 386|0x0000000098200000, 0x0000000098300000, 0x0000000098300000|100%| O|  |TAMS 0x0000000098200000| PB 0x0000000098200000| Untracked |  0
| 387|0x0000000098300000, 0x0000000098400000, 0x0000000098400000|100%| O|  |TAMS 0x0000000098300000| PB 0x0000000098300000| Untracked |  0
| 388|0x0000000098400000, 0x0000000098500000, 0x0000000098500000|100%| S|CS|TAMS 0x0000000098400000| PB 0x0000000098400000| Complete |  0
| 389|0x0000000098500000, 0x0000000098600000, 0x0000000098600000|100%| S|CS|TAMS 0x0000000098500000| PB 0x0000000098500000| Complete |  0
| 390|0x0000000098600000, 0x0000000098700000, 0x0000000098700000|100%| S|CS|TAMS 0x0000000098600000| PB 0x0000000098600000| Complete |  0
| 391|0x0000000098700000, 0x0000000098800000, 0x0000000098800000|100%| S|CS|TAMS 0x0000000098700000| PB 0x0000000098700000| Complete |  0
| 392|0x0000000098800000, 0x0000000098900000, 0x0000000098900000|100%|HS|  |TAMS 0x0000000098900000| PB 0x0000000098800000| Complete |  0
| 393|0x0000000098900000, 0x0000000098a00000, 0x0000000098a00000|100%|HC|  |TAMS 0x0000000098a00000| PB 0x0000000098900000| Complete |  0
| 394|0x0000000098a00000, 0x0000000098b00000, 0x0000000098b00000|100%|HC|  |TAMS 0x0000000098b00000| PB 0x0000000098a00000| Complete |  0
| 395|0x0000000098b00000, 0x0000000098c00000, 0x0000000098c00000|100%| S|CS|TAMS 0x0000000098b00000| PB 0x0000000098b00000| Complete |  0
| 396|0x0000000098c00000, 0x0000000098d00000, 0x0000000098d00000|100%| S|CS|TAMS 0x0000000098c00000| PB 0x0000000098c00000| Complete |  0
| 397|0x0000000098d00000, 0x0000000098e00000, 0x0000000098e00000|100%| S|CS|TAMS 0x0000000098d00000| PB 0x0000000098d00000| Complete |  0
| 398|0x0000000098e00000, 0x0000000098f00000, 0x0000000098f00000|100%| S|CS|TAMS 0x0000000098e00000| PB 0x0000000098e00000| Complete |  0
| 399|0x0000000098f00000, 0x0000000099000000, 0x0000000099000000|100%| S|CS|TAMS 0x0000000098f00000| PB 0x0000000098f00000| Complete |  0
| 400|0x0000000099000000, 0x0000000099100000, 0x0000000099100000|100%| S|CS|TAMS 0x0000000099000000| PB 0x0000000099000000| Complete |  0
| 401|0x0000000099100000, 0x0000000099200000, 0x0000000099200000|100%| S|CS|TAMS 0x0000000099100000| PB 0x0000000099100000| Complete |  0
| 402|0x0000000099200000, 0x0000000099300000, 0x0000000099300000|100%| S|CS|TAMS 0x0000000099200000| PB 0x0000000099200000| Complete |  0
| 403|0x0000000099300000, 0x0000000099400000, 0x0000000099400000|100%| S|CS|TAMS 0x0000000099300000| PB 0x0000000099300000| Complete |  0
| 404|0x0000000099400000, 0x0000000099500000, 0x0000000099500000|100%|HS|  |TAMS 0x0000000099500000| PB 0x0000000099400000| Complete |  0
| 405|0x0000000099500000, 0x0000000099600000, 0x0000000099600000|100%|HC|  |TAMS 0x0000000099600000| PB 0x0000000099500000| Complete |  0
| 406|0x0000000099600000, 0x0000000099700000, 0x0000000099700000|100%|HC|  |TAMS 0x0000000099700000| PB 0x0000000099600000| Complete |  0
| 407|0x0000000099700000, 0x0000000099800000, 0x0000000099800000|100%|HC|  |TAMS 0x0000000099800000| PB 0x0000000099700000| Complete |  0
| 408|0x0000000099800000, 0x0000000099900000, 0x0000000099900000|100%|HC|  |TAMS 0x0000000099900000| PB 0x0000000099800000| Complete |  0
| 409|0x0000000099900000, 0x0000000099a00000, 0x0000000099a00000|100%|HC|  |TAMS 0x0000000099a00000| PB 0x0000000099900000| Complete |  0
| 410|0x0000000099a00000, 0x0000000099b00000, 0x0000000099b00000|100%|HC|  |TAMS 0x0000000099b00000| PB 0x0000000099a00000| Complete |  0
| 411|0x0000000099b00000, 0x0000000099c00000, 0x0000000099c00000|100%| S|CS|TAMS 0x0000000099b00000| PB 0x0000000099b00000| Complete |  0
| 412|0x0000000099c00000, 0x0000000099d00000, 0x0000000099d00000|100%| S|CS|TAMS 0x0000000099c00000| PB 0x0000000099c00000| Complete |  0
| 413|0x0000000099d00000, 0x0000000099e00000, 0x0000000099e00000|100%| S|CS|TAMS 0x0000000099d00000| PB 0x0000000099d00000| Complete |  0
| 414|0x0000000099e00000, 0x0000000099f00000, 0x0000000099f00000|100%| S|CS|TAMS 0x0000000099e00000| PB 0x0000000099e00000| Complete |  0
| 415|0x0000000099f00000, 0x0000000099f00000, 0x000000009a000000|  0%| F|  |TAMS 0x0000000099f00000| PB 0x0000000099f00000| Untracked |  0
| 416|0x000000009a000000, 0x000000009a000000, 0x000000009a100000|  0%| F|  |TAMS 0x000000009a000000| PB 0x000000009a000000| Untracked |  0
| 417|0x000000009a100000, 0x000000009a100000, 0x000000009a200000|  0%| F|  |TAMS 0x000000009a100000| PB 0x000000009a100000| Untracked |  0
| 418|0x000000009a200000, 0x000000009a200000, 0x000000009a300000|  0%| F|  |TAMS 0x000000009a200000| PB 0x000000009a200000| Untracked |  0
| 419|0x000000009a300000, 0x000000009a300000, 0x000000009a400000|  0%| F|  |TAMS 0x000000009a300000| PB 0x000000009a300000| Untracked |  0
| 420|0x000000009a400000, 0x000000009a400000, 0x000000009a500000|  0%| F|  |TAMS 0x000000009a400000| PB 0x000000009a400000| Untracked |  0
| 421|0x000000009a500000, 0x000000009a500000, 0x000000009a600000|  0%| F|  |TAMS 0x000000009a500000| PB 0x000000009a500000| Untracked |  0
| 422|0x000000009a600000, 0x000000009a600000, 0x000000009a700000|  0%| F|  |TAMS 0x000000009a600000| PB 0x000000009a600000| Untracked |  0
| 423|0x000000009a700000, 0x000000009a700000, 0x000000009a800000|  0%| F|  |TAMS 0x000000009a700000| PB 0x000000009a700000| Untracked |  0
| 424|0x000000009a800000, 0x000000009a800000, 0x000000009a900000|  0%| F|  |TAMS 0x000000009a800000| PB 0x000000009a800000| Untracked |  0
| 425|0x000000009a900000, 0x000000009a900000, 0x000000009aa00000|  0%| F|  |TAMS 0x000000009a900000| PB 0x000000009a900000| Untracked |  0
| 426|0x000000009aa00000, 0x000000009aa00000, 0x000000009ab00000|  0%| F|  |TAMS 0x000000009aa00000| PB 0x000000009aa00000| Untracked |  0
| 427|0x000000009ab00000, 0x000000009ab00000, 0x000000009ac00000|  0%| F|  |TAMS 0x000000009ab00000| PB 0x000000009ab00000| Untracked |  0
| 428|0x000000009ac00000, 0x000000009ac00000, 0x000000009ad00000|  0%| F|  |TAMS 0x000000009ac00000| PB 0x000000009ac00000| Untracked |  0
| 429|0x000000009ad00000, 0x000000009ad00000, 0x000000009ae00000|  0%| F|  |TAMS 0x000000009ad00000| PB 0x000000009ad00000| Untracked |  0
| 430|0x000000009ae00000, 0x000000009ae00000, 0x000000009af00000|  0%| F|  |TAMS 0x000000009ae00000| PB 0x000000009ae00000| Untracked |  0
| 431|0x000000009af00000, 0x000000009af00000, 0x000000009b000000|  0%| F|  |TAMS 0x000000009af00000| PB 0x000000009af00000| Untracked |  0
| 432|0x000000009b000000, 0x000000009b000000, 0x000000009b100000|  0%| F|  |TAMS 0x000000009b000000| PB 0x000000009b000000| Untracked |  0
| 433|0x000000009b100000, 0x000000009b100000, 0x000000009b200000|  0%| F|  |TAMS 0x000000009b100000| PB 0x000000009b100000| Untracked |  0
| 434|0x000000009b200000, 0x000000009b200000, 0x000000009b300000|  0%| F|  |TAMS 0x000000009b200000| PB 0x000000009b200000| Untracked |  0
| 435|0x000000009b300000, 0x000000009b300000, 0x000000009b400000|  0%| F|  |TAMS 0x000000009b300000| PB 0x000000009b300000| Untracked |  0
| 436|0x000000009b400000, 0x000000009b400000, 0x000000009b500000|  0%| F|  |TAMS 0x000000009b400000| PB 0x000000009b400000| Untracked |  0
| 437|0x000000009b500000, 0x000000009b500000, 0x000000009b600000|  0%| F|  |TAMS 0x000000009b500000| PB 0x000000009b500000| Untracked |  0
| 438|0x000000009b600000, 0x000000009b600000, 0x000000009b700000|  0%| F|  |TAMS 0x000000009b600000| PB 0x000000009b600000| Untracked |  0
| 439|0x000000009b700000, 0x000000009b700000, 0x000000009b800000|  0%| F|  |TAMS 0x000000009b700000| PB 0x000000009b700000| Untracked |  0
| 440|0x000000009b800000, 0x000000009b800000, 0x000000009b900000|  0%| F|  |TAMS 0x000000009b800000| PB 0x000000009b800000| Untracked |  0
| 441|0x000000009b900000, 0x000000009b900000, 0x000000009ba00000|  0%| F|  |TAMS 0x000000009b900000| PB 0x000000009b900000| Untracked |  0
| 442|0x000000009ba00000, 0x000000009ba00000, 0x000000009bb00000|  0%| F|  |TAMS 0x000000009ba00000| PB 0x000000009ba00000| Untracked |  0
| 443|0x000000009bb00000, 0x000000009bb00000, 0x000000009bc00000|  0%| F|  |TAMS 0x000000009bb00000| PB 0x000000009bb00000| Untracked |  0
| 444|0x000000009bc00000, 0x000000009bc00000, 0x000000009bd00000|  0%| F|  |TAMS 0x000000009bc00000| PB 0x000000009bc00000| Untracked |  0
| 445|0x000000009bd00000, 0x000000009bd00000, 0x000000009be00000|  0%| F|  |TAMS 0x000000009bd00000| PB 0x000000009bd00000| Untracked |  0
| 446|0x000000009be00000, 0x000000009be00000, 0x000000009bf00000|  0%| F|  |TAMS 0x000000009be00000| PB 0x000000009be00000| Untracked |  0
| 447|0x000000009bf00000, 0x000000009bf00000, 0x000000009c000000|  0%| F|  |TAMS 0x000000009bf00000| PB 0x000000009bf00000| Untracked |  0
| 448|0x000000009c000000, 0x000000009c000000, 0x000000009c100000|  0%| F|  |TAMS 0x000000009c000000| PB 0x000000009c000000| Untracked |  0
| 449|0x000000009c100000, 0x000000009c100000, 0x000000009c200000|  0%| F|  |TAMS 0x000000009c100000| PB 0x000000009c100000| Untracked |  0
| 450|0x000000009c200000, 0x000000009c200000, 0x000000009c300000|  0%| F|  |TAMS 0x000000009c200000| PB 0x000000009c200000| Untracked |  0
| 451|0x000000009c300000, 0x000000009c300000, 0x000000009c400000|  0%| F|  |TAMS 0x000000009c300000| PB 0x000000009c300000| Untracked |  0
| 452|0x000000009c400000, 0x000000009c400000, 0x000000009c500000|  0%| F|  |TAMS 0x000000009c400000| PB 0x000000009c400000| Untracked |  0
| 453|0x000000009c500000, 0x000000009c500000, 0x000000009c600000|  0%| F|  |TAMS 0x000000009c500000| PB 0x000000009c500000| Untracked |  0
| 454|0x000000009c600000, 0x000000009c600000, 0x000000009c700000|  0%| F|  |TAMS 0x000000009c600000| PB 0x000000009c600000| Untracked |  0
| 455|0x000000009c700000, 0x000000009c700000, 0x000000009c800000|  0%| F|  |TAMS 0x000000009c700000| PB 0x000000009c700000| Untracked |  0
| 456|0x000000009c800000, 0x000000009c800000, 0x000000009c900000|  0%| F|  |TAMS 0x000000009c800000| PB 0x000000009c800000| Untracked |  0
| 457|0x000000009c900000, 0x000000009c900000, 0x000000009ca00000|  0%| F|  |TAMS 0x000000009c900000| PB 0x000000009c900000| Untracked |  0
| 458|0x000000009ca00000, 0x000000009ca00000, 0x000000009cb00000|  0%| F|  |TAMS 0x000000009ca00000| PB 0x000000009ca00000| Untracked |  0
| 459|0x000000009cb00000, 0x000000009cb00000, 0x000000009cc00000|  0%| F|  |TAMS 0x000000009cb00000| PB 0x000000009cb00000| Untracked |  0
| 460|0x000000009cc00000, 0x000000009cc00000, 0x000000009cd00000|  0%| F|  |TAMS 0x000000009cc00000| PB 0x000000009cc00000| Untracked |  0
| 461|0x000000009cd00000, 0x000000009cd00000, 0x000000009ce00000|  0%| F|  |TAMS 0x000000009cd00000| PB 0x000000009cd00000| Untracked |  0
| 462|0x000000009ce00000, 0x000000009ce00000, 0x000000009cf00000|  0%| F|  |TAMS 0x000000009ce00000| PB 0x000000009ce00000| Untracked |  0
| 463|0x000000009cf00000, 0x000000009cf00000, 0x000000009d000000|  0%| F|  |TAMS 0x000000009cf00000| PB 0x000000009cf00000| Untracked |  0
| 464|0x000000009d000000, 0x000000009d000000, 0x000000009d100000|  0%| F|  |TAMS 0x000000009d000000| PB 0x000000009d000000| Untracked |  0
| 465|0x000000009d100000, 0x000000009d100000, 0x000000009d200000|  0%| F|  |TAMS 0x000000009d100000| PB 0x000000009d100000| Untracked |  0
| 466|0x000000009d200000, 0x000000009d200000, 0x000000009d300000|  0%| F|  |TAMS 0x000000009d200000| PB 0x000000009d200000| Untracked |  0
| 467|0x000000009d300000, 0x000000009d300000, 0x000000009d400000|  0%| F|  |TAMS 0x000000009d300000| PB 0x000000009d300000| Untracked |  0
| 468|0x000000009d400000, 0x000000009d400000, 0x000000009d500000|  0%| F|  |TAMS 0x000000009d400000| PB 0x000000009d400000| Untracked |  0
| 469|0x000000009d500000, 0x000000009d500000, 0x000000009d600000|  0%| F|  |TAMS 0x000000009d500000| PB 0x000000009d500000| Untracked |  0
| 470|0x000000009d600000, 0x000000009d600000, 0x000000009d700000|  0%| F|  |TAMS 0x000000009d600000| PB 0x000000009d600000| Untracked |  0
| 471|0x000000009d700000, 0x000000009d700000, 0x000000009d800000|  0%| F|  |TAMS 0x000000009d700000| PB 0x000000009d700000| Untracked |  0
| 472|0x000000009d800000, 0x000000009d800000, 0x000000009d900000|  0%| F|  |TAMS 0x000000009d800000| PB 0x000000009d800000| Untracked |  0
| 473|0x000000009d900000, 0x000000009d900000, 0x000000009da00000|  0%| F|  |TAMS 0x000000009d900000| PB 0x000000009d900000| Untracked |  0
| 474|0x000000009da00000, 0x000000009da00000, 0x000000009db00000|  0%| F|  |TAMS 0x000000009da00000| PB 0x000000009da00000| Untracked |  0
| 475|0x000000009db00000, 0x000000009db00000, 0x000000009dc00000|  0%| F|  |TAMS 0x000000009db00000| PB 0x000000009db00000| Untracked |  0
| 476|0x000000009dc00000, 0x000000009dc00000, 0x000000009dd00000|  0%| F|  |TAMS 0x000000009dc00000| PB 0x000000009dc00000| Untracked |  0
| 477|0x000000009dd00000, 0x000000009dd00000, 0x000000009de00000|  0%| F|  |TAMS 0x000000009dd00000| PB 0x000000009dd00000| Untracked |  0
| 478|0x000000009de00000, 0x000000009de00000, 0x000000009df00000|  0%| F|  |TAMS 0x000000009de00000| PB 0x000000009de00000| Untracked |  0
| 479|0x000000009df00000, 0x000000009df00000, 0x000000009e000000|  0%| F|  |TAMS 0x000000009df00000| PB 0x000000009df00000| Untracked |  0
| 480|0x000000009e000000, 0x000000009e000000, 0x000000009e100000|  0%| F|  |TAMS 0x000000009e000000| PB 0x000000009e000000| Untracked |  0
| 481|0x000000009e100000, 0x000000009e100000, 0x000000009e200000|  0%| F|  |TAMS 0x000000009e100000| PB 0x000000009e100000| Untracked |  0
| 482|0x000000009e200000, 0x000000009e200000, 0x000000009e300000|  0%| F|  |TAMS 0x000000009e200000| PB 0x000000009e200000| Untracked |  0
| 483|0x000000009e300000, 0x000000009e300000, 0x000000009e400000|  0%| F|  |TAMS 0x000000009e300000| PB 0x000000009e300000| Untracked |  0
| 484|0x000000009e400000, 0x000000009e400000, 0x000000009e500000|  0%| F|  |TAMS 0x000000009e400000| PB 0x000000009e400000| Untracked |  0
| 485|0x000000009e500000, 0x000000009e500000, 0x000000009e600000|  0%| F|  |TAMS 0x000000009e500000| PB 0x000000009e500000| Untracked |  0
| 486|0x000000009e600000, 0x000000009e600000, 0x000000009e700000|  0%| F|  |TAMS 0x000000009e600000| PB 0x000000009e600000| Untracked |  0
| 487|0x000000009e700000, 0x000000009e700000, 0x000000009e800000|  0%| F|  |TAMS 0x000000009e700000| PB 0x000000009e700000| Untracked |  0
| 488|0x000000009e800000, 0x000000009e800000, 0x000000009e900000|  0%| F|  |TAMS 0x000000009e800000| PB 0x000000009e800000| Untracked |  0
| 489|0x000000009e900000, 0x000000009e900000, 0x000000009ea00000|  0%| F|  |TAMS 0x000000009e900000| PB 0x000000009e900000| Untracked |  0
| 490|0x000000009ea00000, 0x000000009ea00000, 0x000000009eb00000|  0%| F|  |TAMS 0x000000009ea00000| PB 0x000000009ea00000| Untracked |  0
| 491|0x000000009eb00000, 0x000000009eb00000, 0x000000009ec00000|  0%| F|  |TAMS 0x000000009eb00000| PB 0x000000009eb00000| Untracked |  0
| 492|0x000000009ec00000, 0x000000009ec00000, 0x000000009ed00000|  0%| F|  |TAMS 0x000000009ec00000| PB 0x000000009ec00000| Untracked |  0
| 493|0x000000009ed00000, 0x000000009ed00000, 0x000000009ee00000|  0%| F|  |TAMS 0x000000009ed00000| PB 0x000000009ed00000| Untracked |  0
| 494|0x000000009ee00000, 0x000000009ee00000, 0x000000009ef00000|  0%| F|  |TAMS 0x000000009ee00000| PB 0x000000009ee00000| Untracked |  0
| 495|0x000000009ef00000, 0x000000009ef00000, 0x000000009f000000|  0%| F|  |TAMS 0x000000009ef00000| PB 0x000000009ef00000| Untracked |  0
| 496|0x000000009f000000, 0x000000009f000000, 0x000000009f100000|  0%| F|  |TAMS 0x000000009f000000| PB 0x000000009f000000| Untracked |  0
| 497|0x000000009f100000, 0x000000009f100000, 0x000000009f200000|  0%| F|  |TAMS 0x000000009f100000| PB 0x000000009f100000| Untracked |  0
| 498|0x000000009f200000, 0x000000009f200000, 0x000000009f300000|  0%| F|  |TAMS 0x000000009f200000| PB 0x000000009f200000| Untracked |  0
| 499|0x000000009f300000, 0x000000009f300000, 0x000000009f400000|  0%| F|  |TAMS 0x000000009f300000| PB 0x000000009f300000| Untracked |  0
| 500|0x000000009f400000, 0x000000009f400000, 0x000000009f500000|  0%| F|  |TAMS 0x000000009f400000| PB 0x000000009f400000| Untracked |  0
| 501|0x000000009f500000, 0x000000009f500000, 0x000000009f600000|  0%| F|  |TAMS 0x000000009f500000| PB 0x000000009f500000| Untracked |  0
| 502|0x000000009f600000, 0x000000009f600000, 0x000000009f700000|  0%| F|  |TAMS 0x000000009f600000| PB 0x000000009f600000| Untracked |  0
| 503|0x000000009f700000, 0x000000009f700000, 0x000000009f800000|  0%| F|  |TAMS 0x000000009f700000| PB 0x000000009f700000| Untracked |  0
| 504|0x000000009f800000, 0x000000009f800000, 0x000000009f900000|  0%| F|  |TAMS 0x000000009f800000| PB 0x000000009f800000| Untracked |  0
| 505|0x000000009f900000, 0x000000009f900000, 0x000000009fa00000|  0%| F|  |TAMS 0x000000009f900000| PB 0x000000009f900000| Untracked |  0
| 506|0x000000009fa00000, 0x000000009fa00000, 0x000000009fb00000|  0%| F|  |TAMS 0x000000009fa00000| PB 0x000000009fa00000| Untracked |  0
| 507|0x000000009fb00000, 0x000000009fb00000, 0x000000009fc00000|  0%| F|  |TAMS 0x000000009fb00000| PB 0x000000009fb00000| Untracked |  0
| 508|0x000000009fc00000, 0x000000009fc00000, 0x000000009fd00000|  0%| F|  |TAMS 0x000000009fc00000| PB 0x000000009fc00000| Untracked |  0
|1968|0x00000000fb000000, 0x00000000fb100000, 0x00000000fb100000|100%| O|  |TAMS 0x00000000fb000000| PB 0x00000000fb000000| Untracked |  0
|1969|0x00000000fb100000, 0x00000000fb200000, 0x00000000fb200000|100%| O|  |TAMS 0x00000000fb100000| PB 0x00000000fb100000| Untracked |  0
|1970|0x00000000fb200000, 0x00000000fb300000, 0x00000000fb300000|100%| O|  |TAMS 0x00000000fb200000| PB 0x00000000fb200000| Untracked |  0
|1971|0x00000000fb300000, 0x00000000fb400000, 0x00000000fb400000|100%| O|  |TAMS 0x00000000fb300000| PB 0x00000000fb300000| Untracked |  0
|1972|0x00000000fb400000, 0x00000000fb500000, 0x00000000fb500000|100%| O|  |TAMS 0x00000000fb400000| PB 0x00000000fb400000| Untracked |  0
|1973|0x00000000fb500000, 0x00000000fb600000, 0x00000000fb600000|100%| O|  |TAMS 0x00000000fb500000| PB 0x00000000fb500000| Untracked |  0
|1974|0x00000000fb600000, 0x00000000fb700000, 0x00000000fb700000|100%| O|  |TAMS 0x00000000fb600000| PB 0x00000000fb600000| Untracked |  0
|1975|0x00000000fb700000, 0x00000000fb800000, 0x00000000fb800000|100%| O|  |TAMS 0x00000000fb700000| PB 0x00000000fb700000| Untracked |  0
|1976|0x00000000fb800000, 0x00000000fb900000, 0x00000000fb900000|100%| O|  |TAMS 0x00000000fb800000| PB 0x00000000fb800000| Untracked |  0
|1977|0x00000000fb900000, 0x00000000fba00000, 0x00000000fba00000|100%| O|  |TAMS 0x00000000fb900000| PB 0x00000000fb900000| Untracked |  0
|1978|0x00000000fba00000, 0x00000000fbb00000, 0x00000000fbb00000|100%| O|  |TAMS 0x00000000fba00000| PB 0x00000000fba00000| Untracked |  0
|1979|0x00000000fbb00000, 0x00000000fbc00000, 0x00000000fbc00000|100%| O|  |TAMS 0x00000000fbb00000| PB 0x00000000fbb00000| Untracked |  0
|1980|0x00000000fbc00000, 0x00000000fbd00000, 0x00000000fbd00000|100%| O|  |TAMS 0x00000000fbc00000| PB 0x00000000fbc00000| Untracked |  0
|1981|0x00000000fbd00000, 0x00000000fbe00000, 0x00000000fbe00000|100%| O|  |TAMS 0x00000000fbe00000| PB 0x00000000fbd00000| Untracked |  0
|1982|0x00000000fbe00000, 0x00000000fbf00000, 0x00000000fbf00000|100%| O|  |TAMS 0x00000000fbf00000| PB 0x00000000fbe00000| Untracked |  0
|1983|0x00000000fbf00000, 0x00000000fc000000, 0x00000000fc000000|100%| O|  |TAMS 0x00000000fc000000| PB 0x00000000fbf00000| Untracked |  0
|1984|0x00000000fc000000, 0x00000000fc100000, 0x00000000fc100000|100%| O|  |TAMS 0x00000000fc100000| PB 0x00000000fc000000| Untracked |  0
|1985|0x00000000fc100000, 0x00000000fc200000, 0x00000000fc200000|100%| O|  |TAMS 0x00000000fc200000| PB 0x00000000fc100000| Untracked |  0
|1986|0x00000000fc200000, 0x00000000fc300000, 0x00000000fc300000|100%| O|  |TAMS 0x00000000fc300000| PB 0x00000000fc200000| Untracked |  0
|1987|0x00000000fc300000, 0x00000000fc400000, 0x00000000fc400000|100%| O|  |TAMS 0x00000000fc400000| PB 0x00000000fc300000| Untracked |  0
|1988|0x00000000fc400000, 0x00000000fc500000, 0x00000000fc500000|100%| O|  |TAMS 0x00000000fc500000| PB 0x00000000fc400000| Untracked |  0
|1989|0x00000000fc500000, 0x00000000fc600000, 0x00000000fc600000|100%| O|  |TAMS 0x00000000fc600000| PB 0x00000000fc500000| Untracked |  0
|1990|0x00000000fc600000, 0x00000000fc700000, 0x00000000fc700000|100%| O|  |TAMS 0x00000000fc700000| PB 0x00000000fc600000| Untracked |  0
|1991|0x00000000fc700000, 0x00000000fc800000, 0x00000000fc800000|100%| O|  |TAMS 0x00000000fc800000| PB 0x00000000fc700000| Untracked |  0
|1992|0x00000000fc800000, 0x00000000fc900000, 0x00000000fc900000|100%| O|  |TAMS 0x00000000fc900000| PB 0x00000000fc800000| Untracked |  0
|1993|0x00000000fc900000, 0x00000000fca00000, 0x00000000fca00000|100%| O|  |TAMS 0x00000000fca00000| PB 0x00000000fc900000| Untracked |  0
|1994|0x00000000fca00000, 0x00000000fcb00000, 0x00000000fcb00000|100%| O|  |TAMS 0x00000000fcb00000| PB 0x00000000fca00000| Untracked |  0
|1995|0x00000000fcb00000, 0x00000000fcc00000, 0x00000000fcc00000|100%| O|  |TAMS 0x00000000fcc00000| PB 0x00000000fcb00000| Untracked |  0
|1996|0x00000000fcc00000, 0x00000000fcd00000, 0x00000000fcd00000|100%| O|  |TAMS 0x00000000fcd00000| PB 0x00000000fcc00000| Untracked |  0
|1997|0x00000000fcd00000, 0x00000000fce00000, 0x00000000fce00000|100%| O|  |TAMS 0x00000000fce00000| PB 0x00000000fcd00000| Untracked |  0
|1998|0x00000000fce00000, 0x00000000fcf00000, 0x00000000fcf00000|100%| O|  |TAMS 0x00000000fcf00000| PB 0x00000000fce00000| Untracked |  0
|1999|0x00000000fcf00000, 0x00000000fd000000, 0x00000000fd000000|100%| O|  |TAMS 0x00000000fd000000| PB 0x00000000fcf00000| Untracked |  0
|2000|0x00000000fd000000, 0x00000000fd100000, 0x00000000fd100000|100%| O|  |TAMS 0x00000000fd100000| PB 0x00000000fd000000| Untracked |  0
|2001|0x00000000fd100000, 0x00000000fd200000, 0x00000000fd200000|100%| O|  |TAMS 0x00000000fd200000| PB 0x00000000fd100000| Untracked |  0
|2002|0x00000000fd200000, 0x00000000fd300000, 0x00000000fd300000|100%| O|  |TAMS 0x00000000fd300000| PB 0x00000000fd200000| Untracked |  0
|2003|0x00000000fd300000, 0x00000000fd400000, 0x00000000fd400000|100%| O|  |TAMS 0x00000000fd400000| PB 0x00000000fd300000| Untracked |  0
|2004|0x00000000fd400000, 0x00000000fd500000, 0x00000000fd500000|100%| O|  |TAMS 0x00000000fd500000| PB 0x00000000fd400000| Untracked |  0
|2005|0x00000000fd500000, 0x00000000fd600000, 0x00000000fd600000|100%| O|  |TAMS 0x00000000fd600000| PB 0x00000000fd500000| Untracked |  0
|2006|0x00000000fd600000, 0x00000000fd700000, 0x00000000fd700000|100%| O|  |TAMS 0x00000000fd700000| PB 0x00000000fd600000| Untracked |  0
|2007|0x00000000fd700000, 0x00000000fd800000, 0x00000000fd800000|100%| O|  |TAMS 0x00000000fd800000| PB 0x00000000fd700000| Untracked |  0
|2008|0x00000000fd800000, 0x00000000fd900000, 0x00000000fd900000|100%| O|  |TAMS 0x00000000fd900000| PB 0x00000000fd800000| Untracked |  0
|2009|0x00000000fd900000, 0x00000000fda00000, 0x00000000fda00000|100%| O|  |TAMS 0x00000000fda00000| PB 0x00000000fd900000| Untracked |  0
|2010|0x00000000fda00000, 0x00000000fdb00000, 0x00000000fdb00000|100%| O|  |TAMS 0x00000000fdb00000| PB 0x00000000fda00000| Untracked |  0
|2011|0x00000000fdb00000, 0x00000000fdc00000, 0x00000000fdc00000|100%| O|  |TAMS 0x00000000fdc00000| PB 0x00000000fdb00000| Untracked |  0
|2012|0x00000000fdc00000, 0x00000000fdd00000, 0x00000000fdd00000|100%| O|  |TAMS 0x00000000fdd00000| PB 0x00000000fdc00000| Untracked |  0
|2013|0x00000000fdd00000, 0x00000000fdd00000, 0x00000000fde00000|  0%| F|  |TAMS 0x00000000fdd00000| PB 0x00000000fdd00000| Untracked |  0
|2014|0x00000000fde00000, 0x00000000fde00000, 0x00000000fdf00000|  0%| F|  |TAMS 0x00000000fde00000| PB 0x00000000fde00000| Untracked |  0
|2015|0x00000000fdf00000, 0x00000000fdf00000, 0x00000000fe000000|  0%| F|  |TAMS 0x00000000fdf00000| PB 0x00000000fdf00000| Untracked |  0
|2016|0x00000000fe000000, 0x00000000fe000000, 0x00000000fe100000|  0%| F|  |TAMS 0x00000000fe000000| PB 0x00000000fe000000| Untracked |  0
|2017|0x00000000fe100000, 0x00000000fe100000, 0x00000000fe200000|  0%| F|  |TAMS 0x00000000fe100000| PB 0x00000000fe100000| Untracked |  0
|2018|0x00000000fe200000, 0x00000000fe200000, 0x00000000fe300000|  0%| F|  |TAMS 0x00000000fe200000| PB 0x00000000fe200000| Untracked |  0
|2019|0x00000000fe300000, 0x00000000fe300000, 0x00000000fe400000|  0%| F|  |TAMS 0x00000000fe300000| PB 0x00000000fe300000| Untracked |  0
|2020|0x00000000fe400000, 0x00000000fe400000, 0x00000000fe500000|  0%| F|  |TAMS 0x00000000fe400000| PB 0x00000000fe400000| Untracked |  0
|2021|0x00000000fe500000, 0x00000000fe500000, 0x00000000fe600000|  0%| F|  |TAMS 0x00000000fe500000| PB 0x00000000fe500000| Untracked |  0
|2022|0x00000000fe600000, 0x00000000fe600000, 0x00000000fe700000|  0%| F|  |TAMS 0x00000000fe600000| PB 0x00000000fe600000| Untracked |  0
|2023|0x00000000fe700000, 0x00000000fe700000, 0x00000000fe800000|  0%| F|  |TAMS 0x00000000fe700000| PB 0x00000000fe700000| Untracked |  0
|2024|0x00000000fe800000, 0x00000000fe800000, 0x00000000fe900000|  0%| F|  |TAMS 0x00000000fe800000| PB 0x00000000fe800000| Untracked |  0
|2025|0x00000000fe900000, 0x00000000fe900000, 0x00000000fea00000|  0%| F|  |TAMS 0x00000000fe900000| PB 0x00000000fe900000| Untracked |  0
|2026|0x00000000fea00000, 0x00000000feb00000, 0x00000000feb00000|100%| O|  |TAMS 0x00000000feb00000| PB 0x00000000fea00000| Untracked |  0
|2027|0x00000000feb00000, 0x00000000feb00000, 0x00000000fec00000|  0%| F|  |TAMS 0x00000000feb00000| PB 0x00000000feb00000| Untracked |  0
|2028|0x00000000fec00000, 0x00000000fec00000, 0x00000000fed00000|  0%| F|  |TAMS 0x00000000fec00000| PB 0x00000000fec00000| Untracked |  0
|2029|0x00000000fed00000, 0x00000000fed00000, 0x00000000fee00000|  0%| F|  |TAMS 0x00000000fed00000| PB 0x00000000fed00000| Untracked |  0
|2030|0x00000000fee00000, 0x00000000fee00000, 0x00000000fef00000|  0%| F|  |TAMS 0x00000000fee00000| PB 0x00000000fee00000| Untracked |  0
|2031|0x00000000fef00000, 0x00000000fef00000, 0x00000000ff000000|  0%| F|  |TAMS 0x00000000fef00000| PB 0x00000000fef00000| Untracked |  0
|2032|0x00000000ff000000, 0x00000000ff000000, 0x00000000ff100000|  0%| F|  |TAMS 0x00000000ff000000| PB 0x00000000ff000000| Untracked |  0
|2033|0x00000000ff100000, 0x00000000ff100000, 0x00000000ff200000|  0%| F|  |TAMS 0x00000000ff100000| PB 0x00000000ff100000| Untracked |  0
|2034|0x00000000ff200000, 0x00000000ff200000, 0x00000000ff300000|  0%| F|  |TAMS 0x00000000ff200000| PB 0x00000000ff200000| Untracked |  0
|2035|0x00000000ff300000, 0x00000000ff400000, 0x00000000ff400000|100%| O|  |TAMS 0x00000000ff400000| PB 0x00000000ff300000| Untracked |  0
|2036|0x00000000ff400000, 0x00000000ff400000, 0x00000000ff500000|  0%| F|  |TAMS 0x00000000ff400000| PB 0x00000000ff400000| Untracked |  0
|2037|0x00000000ff500000, 0x00000000ff500000, 0x00000000ff600000|  0%| F|  |TAMS 0x00000000ff500000| PB 0x00000000ff500000| Untracked |  0
|2038|0x00000000ff600000, 0x00000000ff600000, 0x00000000ff700000|  0%| F|  |TAMS 0x00000000ff600000| PB 0x00000000ff600000| Untracked |  0
|2039|0x00000000ff700000, 0x00000000ff700000, 0x00000000ff800000|  0%| F|  |TAMS 0x00000000ff700000| PB 0x00000000ff700000| Untracked |  0
|2040|0x00000000ff800000, 0x00000000ff800000, 0x00000000ff900000|  0%| F|  |TAMS 0x00000000ff800000| PB 0x00000000ff800000| Untracked |  0
|2041|0x00000000ff900000, 0x00000000ffa00000, 0x00000000ffa00000|100%| O|  |TAMS 0x00000000ffa00000| PB 0x00000000ff900000| Untracked |  0
|2042|0x00000000ffa00000, 0x00000000ffa00000, 0x00000000ffb00000|  0%| F|  |TAMS 0x00000000ffa00000| PB 0x00000000ffa00000| Untracked |  0
|2043|0x00000000ffb00000, 0x00000000ffc00000, 0x00000000ffc00000|100%| O|  |TAMS 0x00000000ffc00000| PB 0x00000000ffb00000| Untracked |  0
|2044|0x00000000ffc00000, 0x00000000ffd00000, 0x00000000ffd00000|100%| O|  |TAMS 0x00000000ffd00000| PB 0x00000000ffc00000| Untracked |  0
|2045|0x00000000ffd00000, 0x00000000ffe00000, 0x00000000ffe00000|100%| O|  |TAMS 0x00000000ffe00000| PB 0x00000000ffd00000| Untracked |  0
|2046|0x00000000ffe00000, 0x00000000fff00000, 0x00000000fff00000|100%| O|  |TAMS 0x00000000fff00000| PB 0x00000000ffe00000| Untracked |  0
|2047|0x00000000fff00000, 0x0000000100000000, 0x0000000100000000|100%| O|  |TAMS 0x0000000100000000| PB 0x00000000fff00000| Untracked |  0

Card table byte_map: [0x000002e4e25d0000,0x000002e4e29d0000] _byte_map_base: 0x000002e4e21d0000

Marking Bits: (CMBitMap*) 0x000002e4cf8dee60
 Bits: [0x000002e4e29d0000, 0x000002e4e49d0000)

Polling page: 0x000002e4cd710000

Metaspace:
Metaspace        used 239624K, committed 242304K, reserved 1310720K
 class space     used 33171K, committed 34432K, reserved 1048576K

Usage:
  Non-class:    201.61 MB used.
      Class:     32.39 MB used.
       Both:    234.01 MB used.

Virtual space:
  Non-class space:      256.00 MB reserved,     203.00 MB ( 79%) committed,  4 nodes.
      Class space:        1.00 GB reserved,      33.62 MB (  3%) committed,  1 nodes.
             Both:        1.25 GB reserved,     236.62 MB ( 18%) committed. 

Chunk freelists:
   Non-Class:  4.59 MB
       Class:  14.36 MB
        Both:  18.95 MB

MaxMetaspaceSize: unlimited
CompressedClassSpaceSize: 1.00 GB
Initial GC threshold: 21.00 MB
Current GC threshold: 379.50 MB
CDS: off
 - commit_granule_bytes: 65536.
 - commit_granule_words: 8192.
 - virtual_space_node_default_size: 8388608.
 - enlarge_chunks_in_place: 1.
UseCompressedClassPointers 1, UseCompactObjectHeaders 0
Narrow klass pointer bits 32, Max shift 3
Narrow klass base: 0x0000000000000000, Narrow klass shift: 0
Encoding Range: [0x0000000000000000 - 0x0000000100000000), (4294967296 bytes)
Klass Range:    [0x0000000015000000 - 0x0000000055000000), (1073741824 bytes)
Klass ID Range:  [352321536 - 1426063353) (1073741817)
No protection zone.


Internal statistics:

num_allocs_failed_limit: 6.
num_arena_births: 5082.
num_arena_deaths: 4.
num_vsnodes_births: 5.
num_vsnodes_deaths: 0.
num_space_committed: 3781.
num_space_uncommitted: 0.
num_chunks_returned_to_freelist: 10.
num_chunks_taken_from_freelist: 14210.
num_chunk_merges: 3.
num_chunk_splits: 10206.
num_chunks_enlarged: 7550.
num_inconsistent_stats: 0.

CodeHeap 'non-profiled nmethods': size=120064Kb used=12492Kb max_used=12492Kb free=107571Kb
 bounds [0x000002e4da850000, 0x000002e4db490000, 0x000002e4e1d90000]
CodeHeap 'profiled nmethods': size=120064Kb used=34043Kb max_used=34043Kb free=86020Kb
 bounds [0x000002e4d2d70000, 0x000002e4d4eb0000, 0x000002e4da2b0000]
CodeHeap 'non-nmethods': size=5760Kb used=2547Kb max_used=2673Kb free=3212Kb
 bounds [0x000002e4da2b0000, 0x000002e4da560000, 0x000002e4da850000]
CodeCache: size=245888Kb, used=49082Kb, max_used=49208Kb, free=196803Kb
 total_blobs=23247, nmethods=21893, adapters=1256, full_count=0
Compilation: enabled, stopped_count=0, restarted_count=0

Compilation events (20 events):
Event: 147.102 Thread 0x000002e4e74beb50 28715       1       com.android.tools.r8.graph.k2::t0 (2 bytes)
Event: 147.102 Thread 0x000002e4e74beb50 nmethod 28715 0x000002e4db47b908 code [0x000002e4db47ba00, 0x000002e4db47bac8]
Event: 147.105 Thread 0x000002e4e74beb50 28716 %     3       com.android.tools.r8.internal.w91::f @ 98 (186 bytes)
Event: 147.106 Thread 0x000002e4e74beb50 nmethod 28716% 0x000002e4d4ea7008 code [0x000002e4d4ea7100, 0x000002e4d4ea7eb0]
Event: 147.117 Thread 0x000002e4fc16a8f0 nmethod 28292 0x000002e4db47bc08 code [0x000002e4db47bd00, 0x000002e4db481f58]
Event: 147.117 Thread 0x000002e4fc16a8f0 28712       4       com.android.tools.r8.dex.x::h (919 bytes)
Event: 147.144 Thread 0x000002e4e74beb50 28718       2       com.android.tools.r8.dex.x$$Lambda/0x00000000171713b0::get (8 bytes)
Event: 147.145 Thread 0x000002e4e74beb50 nmethod 28718 0x000002e4d4ea7f08 code [0x000002e4d4ea8000, 0x000002e4d4ea8128]
Event: 147.155 Thread 0x000002e4e74beb50 28723       2       com.android.tools.r8.synthesis.e0::a (72 bytes)
Event: 147.156 Thread 0x000002e4e74beb50 nmethod 28723 0x000002e4d4ea8208 code [0x000002e4d4ea8300, 0x000002e4d4ea8588]
Event: 147.162 Thread 0x000002e4fc16a8f0 nmethod 28712 0x000002e4db482008 code [0x000002e4db482100, 0x000002e4db483350]
Event: 147.162 Thread 0x000002e4fc16a8f0 28614       4       com.android.tools.r8.internal.c60::b (123 bytes)
Event: 147.167 Thread 0x000002e4e74beb50 28725       3       com.android.tools.r8.dex.x::a (880 bytes)
Event: 147.174 Thread 0x000002e4e74beb50 nmethod 28725 0x000002e4d4ea8608 code [0x000002e4d4ea8700, 0x000002e4d4eadc60]
Event: 147.174 Thread 0x000002e4e74beb50 28728       3       com.android.tools.r8.internal.bk2::<init> (93 bytes)
Event: 147.175 Thread 0x000002e4e74beb50 nmethod 28728 0x000002e4d4eadd08 code [0x000002e4d4eade20, 0x000002e4d4eae628]
Event: 147.175 Thread 0x000002e4e74beb50 28729   !   2       com.android.tools.r8.graph.d3::a (29 bytes)
Event: 147.175 Thread 0x000002e4e74beb50 nmethod 28729 0x000002e4d4eae688 code [0x000002e4d4eae780, 0x000002e4d4eaea60]
Event: 147.175 Thread 0x000002e4e74beb50 28730   !   2       com.android.tools.r8.graph.d3::e (29 bytes)
Event: 147.176 Thread 0x000002e4e74beb50 nmethod 28730 0x000002e4d4eaea88 code [0x000002e4d4eaeb80, 0x000002e4d4eaee60]

GC Heap Usage History (20 events):
Event: 136.951 {heap After GC invocations=75 (full 0):
 garbage-first heap   total reserved 2097152K, committed 358400K, used 219548K [0x0000000080000000, 0x0000000100000000)
  region size 1024K, 13 young (13312K), 13 survivors (13312K)
}
Event: 137.893 {heap Before GC invocations=75 (full 0):
 garbage-first heap   total reserved 2097152K, committed 358400K, used 332188K [0x0000000080000000, 0x0000000100000000)
  region size 1024K, 124 young (126976K), 13 survivors (13312K)
}
Event: 137.924 {heap After GC invocations=76 (full 0):
 garbage-first heap   total reserved 2097152K, committed 372736K, used 246407K [0x0000000080000000, 0x0000000100000000)
  region size 1024K, 16 young (16384K), 16 survivors (16384K)
}
Event: 138.568 {heap Before GC invocations=77 (full 0):
 garbage-first heap   total reserved 2097152K, committed 411648K, used 336519K [0x0000000080000000, 0x0000000100000000)
  region size 1024K, 105 young (107520K), 16 survivors (16384K)
}
Event: 138.607 {heap After GC invocations=78 (full 0):
 garbage-first heap   total reserved 2097152K, committed 411648K, used 264134K [0x0000000080000000, 0x0000000100000000)
  region size 1024K, 14 young (14336K), 14 survivors (14336K)
}
Event: 138.997 {heap Before GC invocations=78 (full 0):
 garbage-first heap   total reserved 2097152K, committed 411648K, used 366534K [0x0000000080000000, 0x0000000100000000)
  region size 1024K, 112 young (114688K), 14 survivors (14336K)
}
Event: 139.056 {heap After GC invocations=79 (full 0):
 garbage-first heap   total reserved 2097152K, committed 411648K, used 284614K [0x0000000080000000, 0x0000000100000000)
  region size 1024K, 14 young (14336K), 14 survivors (14336K)
}
Event: 139.105 {heap Before GC invocations=79 (full 0):
 garbage-first heap   total reserved 2097152K, committed 411648K, used 292806K [0x0000000080000000, 0x0000000100000000)
  region size 1024K, 24 young (24576K), 14 survivors (14336K)
}
Event: 139.134 {heap After GC invocations=80 (full 0):
 garbage-first heap   total reserved 2097152K, committed 411648K, used 288894K [0x0000000080000000, 0x0000000100000000)
  region size 1024K, 3 young (3072K), 3 survivors (3072K)
}
Event: 140.490 {heap Before GC invocations=81 (full 0):
 garbage-first heap   total reserved 2097152K, committed 485376K, used 384126K [0x0000000080000000, 0x0000000100000000)
  region size 1024K, 82 young (83968K), 3 survivors (3072K)
}
Event: 140.514 {heap After GC invocations=82 (full 0):
 garbage-first heap   total reserved 2097152K, committed 485376K, used 316814K [0x0000000080000000, 0x0000000100000000)
  region size 1024K, 11 young (11264K), 11 survivors (11264K)
}
Event: 142.242 {heap Before GC invocations=82 (full 0):
 garbage-first heap   total reserved 2097152K, committed 485376K, used 437646K [0x0000000080000000, 0x0000000100000000)
  region size 1024K, 118 young (120832K), 11 survivors (11264K)
}
Event: 142.265 {heap After GC invocations=83 (full 0):
 garbage-first heap   total reserved 2097152K, committed 485376K, used 327176K [0x0000000080000000, 0x0000000100000000)
  region size 1024K, 13 young (13312K), 13 survivors (13312K)
}
Event: 142.591 {heap Before GC invocations=83 (full 0):
 garbage-first heap   total reserved 2097152K, committed 485376K, used 354824K [0x0000000080000000, 0x0000000100000000)
  region size 1024K, 42 young (43008K), 13 survivors (13312K)
}
Event: 142.598 {heap After GC invocations=84 (full 0):
 garbage-first heap   total reserved 2097152K, committed 485376K, used 325431K [0x0000000080000000, 0x0000000100000000)
  region size 1024K, 4 young (4096K), 4 survivors (4096K)
}
Event: 144.911 {heap Before GC invocations=85 (full 0):
 garbage-first heap   total reserved 2097152K, committed 546816K, used 535351K [0x0000000080000000, 0x0000000100000000)
  region size 1024K, 114 young (116736K), 4 survivors (4096K)
}
Event: 144.930 {heap After GC invocations=86 (full 0):
 garbage-first heap   total reserved 2097152K, committed 556032K, used 381694K [0x0000000080000000, 0x0000000100000000)
  region size 1024K, 15 young (15360K), 15 survivors (15360K)
}
Event: 146.265 {heap Before GC invocations=86 (full 0):
 garbage-first heap   total reserved 2097152K, committed 556032K, used 527102K [0x0000000080000000, 0x0000000100000000)
  region size 1024K, 134 young (137216K), 15 survivors (15360K)
}
Event: 146.362 {heap After GC invocations=87 (full 0):
 garbage-first heap   total reserved 2097152K, committed 589824K, used 407494K [0x0000000080000000, 0x0000000100000000)
  region size 1024K, 17 young (17408K), 17 survivors (17408K)
}
Event: 147.184 {heap Before GC invocations=87 (full 0):
 garbage-first heap   total reserved 2097152K, committed 589824K, used 526278K [0x0000000080000000, 0x0000000100000000)
  region size 1024K, 133 young (136192K), 17 survivors (17408K)
}

Metaspace Usage History (20 events):
Event: 136.951 {metaspace After GC invocations=75 (full 0):
 Metaspace       used 218994K, committed 221696K, reserved 1245184K
  class space    used 30220K, committed 31488K, reserved 1048576K
}
Event: 137.893 {metaspace Before GC invocations=75 (full 0):
 Metaspace       used 221806K, committed 224512K, reserved 1245184K
  class space    used 30611K, committed 31872K, reserved 1048576K
}
Event: 137.925 {metaspace After GC invocations=76 (full 0):
 Metaspace       used 221806K, committed 224512K, reserved 1245184K
  class space    used 30611K, committed 31872K, reserved 1048576K
}
Event: 138.568 {metaspace Before GC invocations=77 (full 0):
 Metaspace       used 222123K, committed 224768K, reserved 1245184K
  class space    used 30640K, committed 31872K, reserved 1048576K
}
Event: 138.607 {metaspace After GC invocations=78 (full 0):
 Metaspace       used 222123K, committed 224768K, reserved 1245184K
  class space    used 30640K, committed 31872K, reserved 1048576K
}
Event: 138.997 {metaspace Before GC invocations=78 (full 0):
 Metaspace       used 222380K, committed 225088K, reserved 1245184K
  class space    used 30680K, committed 31936K, reserved 1048576K
}
Event: 139.056 {metaspace After GC invocations=79 (full 0):
 Metaspace       used 222380K, committed 225088K, reserved 1245184K
  class space    used 30680K, committed 31936K, reserved 1048576K
}
Event: 139.105 {metaspace Before GC invocations=79 (full 0):
 Metaspace       used 222383K, committed 225088K, reserved 1245184K
  class space    used 30680K, committed 31936K, reserved 1048576K
}
Event: 139.134 {metaspace After GC invocations=80 (full 0):
 Metaspace       used 222383K, committed 225088K, reserved 1245184K
  class space    used 30680K, committed 31936K, reserved 1048576K
}
Event: 140.490 {metaspace Before GC invocations=81 (full 0):
 Metaspace       used 224021K, committed 226688K, reserved 1245184K
  class space    used 30927K, committed 32192K, reserved 1048576K
}
Event: 140.514 {metaspace After GC invocations=82 (full 0):
 Metaspace       used 224021K, committed 226688K, reserved 1245184K
  class space    used 30927K, committed 32192K, reserved 1048576K
}
Event: 142.242 {metaspace Before GC invocations=82 (full 0):
 Metaspace       used 229388K, committed 232064K, reserved 1310720K
  class space    used 31539K, committed 32768K, reserved 1048576K
}
Event: 142.265 {metaspace After GC invocations=83 (full 0):
 Metaspace       used 229388K, committed 232064K, reserved 1310720K
  class space    used 31539K, committed 32768K, reserved 1048576K
}
Event: 142.591 {metaspace Before GC invocations=83 (full 0):
 Metaspace       used 230143K, committed 232832K, reserved 1310720K
  class space    used 31619K, committed 32832K, reserved 1048576K
}
Event: 142.598 {metaspace After GC invocations=84 (full 0):
 Metaspace       used 230143K, committed 232832K, reserved 1310720K
  class space    used 31619K, committed 32832K, reserved 1048576K
}
Event: 144.911 {metaspace Before GC invocations=85 (full 0):
 Metaspace       used 235191K, committed 237888K, reserved 1310720K
  class space    used 32366K, committed 33600K, reserved 1048576K
}
Event: 144.930 {metaspace After GC invocations=86 (full 0):
 Metaspace       used 235191K, committed 237888K, reserved 1310720K
  class space    used 32366K, committed 33600K, reserved 1048576K
}
Event: 146.265 {metaspace Before GC invocations=86 (full 0):
 Metaspace       used 238464K, committed 241152K, reserved 1310720K
  class space    used 32989K, committed 34240K, reserved 1048576K
}
Event: 146.362 {metaspace After GC invocations=87 (full 0):
 Metaspace       used 238464K, committed 241152K, reserved 1310720K
  class space    used 32989K, committed 34240K, reserved 1048576K
}
Event: 147.184 {metaspace Before GC invocations=87 (full 0):
 Metaspace       used 239624K, committed 242304K, reserved 1310720K
  class space    used 33171K, committed 34432K, reserved 1048576K
}

Dll operation events (3 events):
Event: 0.018 Loaded shared library D:\instl\jbr\bin\java.dll
Event: 0.027 Loaded shared library D:\instl\jbr\bin\zip.dll
Event: 4.031 Loaded shared library D:\instl\jbr\bin\verify.dll

Deoptimization events (20 events):
Event: 146.935 Thread 0x000002e4fdf1a710 DEOPT PACKING pc=0x000002e4d4ccbf99 sp=0x000000ea898fec50
Event: 146.935 Thread 0x000002e4fdf1a710 DEOPT UNPACKING pc=0x000002e4da301702 sp=0x000000ea898fe168 mode 0
Event: 146.981 Thread 0x000002e4fdf1a710 DEOPT PACKING pc=0x000002e4d4ccbf99 sp=0x000000ea898fe9c0
Event: 146.981 Thread 0x000002e4fdf1a710 DEOPT UNPACKING pc=0x000002e4da301702 sp=0x000000ea898fded8 mode 0
Event: 146.992 Thread 0x000002e4fdf17060 Uncommon trap: trap_request=0xffffff45 fr.pc=0x000002e4db479e5c relative=0x0000000000000bdc
Event: 146.992 Thread 0x000002e4fdf17060 Uncommon trap: reason=unstable_if action=reinterpret pc=0x000002e4db479e5c method=com.android.tools.r8.dex.x.h()Lcom/android/tools/r8/graph/x4; @ 37 c2
Event: 146.992 Thread 0x000002e4fdf17060 DEOPT PACKING pc=0x000002e4db479e5c sp=0x000000ea899febc0
Event: 146.992 Thread 0x000002e4fdf17060 DEOPT UNPACKING pc=0x000002e4da3c8582 sp=0x000000ea899feb60 mode 2
Event: 147.021 Thread 0x000002e4fdf17060 DEOPT PACKING pc=0x000002e4d4ccbe8e sp=0x000000ea899fe990
Event: 147.021 Thread 0x000002e4fdf17060 DEOPT UNPACKING pc=0x000002e4da301702 sp=0x000000ea899fdea8 mode 0
Event: 147.047 Thread 0x000002e4fdf1be80 DEOPT PACKING pc=0x000002e4d4ccbf99 sp=0x000000ea89cfead0
Event: 147.047 Thread 0x000002e4fdf1be80 DEOPT UNPACKING pc=0x000002e4da301702 sp=0x000000ea89cfdfe8 mode 0
Event: 147.105 Thread 0x000002e4fdf1be80 DEOPT PACKING pc=0x000002e4d4ccbf99 sp=0x000000ea89cfe610
Event: 147.105 Thread 0x000002e4fdf1be80 DEOPT UNPACKING pc=0x000002e4da301702 sp=0x000000ea89cfdb28 mode 0
Event: 147.150 Thread 0x000002e4fdf1a710 DEOPT PACKING pc=0x000002e4d4ccbf99 sp=0x000000ea898fe970
Event: 147.150 Thread 0x000002e4fdf1a710 DEOPT UNPACKING pc=0x000002e4da301702 sp=0x000000ea898fde88 mode 0
Event: 147.167 Thread 0x000002e4fdf1b6b0 Uncommon trap: trap_request=0xffffff45 fr.pc=0x000002e4db47f0b0 relative=0x00000000000033b0
Event: 147.167 Thread 0x000002e4fdf1b6b0 Uncommon trap: reason=unstable_if action=reinterpret pc=0x000002e4db47f0b0 method=com.android.tools.r8.dex.x.a(Z)Lcom/android/tools/r8/graph/j2; @ 157 c2
Event: 147.167 Thread 0x000002e4fdf1b6b0 DEOPT PACKING pc=0x000002e4db47f0b0 sp=0x000000ea89afea20
Event: 147.167 Thread 0x000002e4fdf1b6b0 DEOPT UNPACKING pc=0x000002e4da3c8582 sp=0x000000ea89afea20 mode 2

Classes loaded (20 events):
Event: 146.158 Loading class java/time/temporal/TemporalQueries$3
Event: 146.158 Loading class java/time/temporal/TemporalQueries$3 done
Event: 146.158 Loading class java/time/temporal/TemporalQueries$4
Event: 146.158 Loading class java/time/temporal/TemporalQueries$4 done
Event: 146.158 Loading class java/time/temporal/TemporalQueries$5
Event: 146.158 Loading class java/time/temporal/TemporalQueries$5 done
Event: 146.158 Loading class java/time/temporal/TemporalQueries$6
Event: 146.158 Loading class java/time/temporal/TemporalQueries$6 done
Event: 146.159 Loading class java/time/temporal/TemporalQueries$7
Event: 146.159 Loading class java/time/temporal/TemporalQueries$7 done
Event: 146.159 Loading class java/time/LocalDate$1
Event: 146.159 Loading class java/time/LocalDate$1 done
Event: 146.159 Loading class java/time/format/DateTimeFormatterBuilder$2
Event: 146.159 Loading class java/time/format/DateTimeFormatterBuilder$2 done
Event: 146.209 Loading class java/util/concurrent/ForkJoinTask$AdaptedCallable
Event: 146.210 Loading class java/util/concurrent/ForkJoinTask$AdaptedCallable done
Event: 146.497 Loading class java/nio/ShortBuffer
Event: 146.497 Loading class java/nio/ShortBuffer done
Event: 146.498 Loading class java/nio/HeapShortBuffer
Event: 146.499 Loading class java/nio/HeapShortBuffer done

Classes unloaded (2 events):
Event: 134.474 Thread 0x000002e4e7469120 Unloading class 0x0000000016864400 'java/lang/invoke/LambdaForm$MH+0x0000000016864400'
Event: 139.654 Thread 0x000002e4e7469120 Unloading class 0x0000000016f0c400 'java/lang/invoke/LambdaForm$DMH+0x0000000016f0c400'

Classes redefined (0 events):
No events

Internal exceptions (20 events):
Event: 146.488 Thread 0x000002e4fdf1a710 Exception <a 'sun/nio/fs/WindowsException'{0x00000000ff4c4ae0}> (0x00000000ff4c4ae0) 
thrown [s\src\hotspot\share\prims\jni.cpp, line 535]
Event: 146.489 Thread 0x000002e4fdf1a710 Exception <a 'sun/nio/fs/WindowsException'{0x00000000ff4cb7f0}> (0x00000000ff4cb7f0) 
thrown [s\src\hotspot\share\prims\jni.cpp, line 535]
Event: 146.491 Thread 0x000002e4fdf1a710 Exception <a 'sun/nio/fs/WindowsException'{0x00000000ff4d4498}> (0x00000000ff4d4498) 
thrown [s\src\hotspot\share\prims\jni.cpp, line 535]
Event: 146.493 Thread 0x000002e4fdf1a710 Exception <a 'sun/nio/fs/WindowsException'{0x00000000ff4dd930}> (0x00000000ff4dd930) 
thrown [s\src\hotspot\share\prims\jni.cpp, line 535]
Event: 146.494 Thread 0x000002e4fdf1a710 Exception <a 'sun/nio/fs/WindowsException'{0x00000000ff4e4378}> (0x00000000ff4e4378) 
thrown [s\src\hotspot\share\prims\jni.cpp, line 535]
Event: 146.495 Thread 0x000002e4fdf1a710 Exception <a 'sun/nio/fs/WindowsException'{0x00000000ff4eab88}> (0x00000000ff4eab88) 
thrown [s\src\hotspot\share\prims\jni.cpp, line 535]
Event: 146.495 Thread 0x000002e4fdf1a710 Exception <a 'sun/nio/fs/WindowsException'{0x00000000ff4f3480}> (0x00000000ff4f3480) 
thrown [s\src\hotspot\share\prims\jni.cpp, line 535]
Event: 146.496 Thread 0x000002e4fdf1a710 Exception <a 'sun/nio/fs/WindowsException'{0x00000000ff4ff428}> (0x00000000ff4ff428) 
thrown [s\src\hotspot\share\prims\jni.cpp, line 535]
Event: 146.496 Thread 0x000002e4f963d100 Exception <a 'sun/nio/fs/WindowsException'{0x00000000ff492c10}> (0x00000000ff492c10) 
thrown [s\src\hotspot\share\prims\jni.cpp, line 535]
Event: 146.498 Thread 0x000002e4f963d100 Exception <a 'sun/nio/fs/WindowsException'{0x00000000ff499ac8}> (0x00000000ff499ac8) 
thrown [s\src\hotspot\share\prims\jni.cpp, line 535]
Event: 146.500 Thread 0x000002e4eedddff0 Exception <a 'sun/nio/fs/WindowsException'{0x00000000ff829d50}> (0x00000000ff829d50) 
thrown [s\src\hotspot\share\prims\jni.cpp, line 535]
Event: 146.513 Thread 0x000002e4eedddff0 Exception <a 'sun/nio/fs/WindowsException'{0x00000000ff27fe30}> (0x00000000ff27fe30) 
thrown [s\src\hotspot\share\prims\jni.cpp, line 535]
Event: 146.513 Thread 0x000002e4fdf1be80 Exception <a 'sun/nio/fs/WindowsException'{0x00000000ff287e60}> (0x00000000ff287e60) 
thrown [s\src\hotspot\share\prims\jni.cpp, line 535]
Event: 146.514 Thread 0x000002e4ef8736f0 Exception <a 'sun/nio/fs/WindowsException'{0x00000000ff20dee0}> (0x00000000ff20dee0) 
thrown [s\src\hotspot\share\prims\jni.cpp, line 535]
Event: 146.518 Thread 0x000002e4fdf17060 Exception <a 'sun/nio/fs/WindowsException'{0x00000000ff2a4550}> (0x00000000ff2a4550) 
thrown [s\src\hotspot\share\prims\jni.cpp, line 535]
Event: 146.523 Thread 0x000002e4eedddff0 Exception <a 'sun/nio/fs/WindowsException'{0x00000000ff2b2aa8}> (0x00000000ff2b2aa8) 
thrown [s\src\hotspot\share\prims\jni.cpp, line 535]
Event: 146.530 Thread 0x000002e4eedddff0 Exception <a 'sun/nio/fs/WindowsException'{0x00000000ff2eb2a8}> (0x00000000ff2eb2a8) 
thrown [s\src\hotspot\share\prims\jni.cpp, line 535]
Event: 146.532 Thread 0x000002e4fdf18000 Exception <a 'sun/nio/fs/WindowsException'{0x00000000ff81ae50}> (0x00000000ff81ae50) 
thrown [s\src\hotspot\share\prims\jni.cpp, line 535]
Event: 146.567 Thread 0x000002e4fdf18000 Exception <a 'sun/nio/fs/WindowsException'{0x00000000ff0f50e8}> (0x00000000ff0f50e8) 
thrown [s\src\hotspot\share\prims\jni.cpp, line 535]
Event: 146.591 Thread 0x000002e4fdf1b6b0 Exception <a 'sun/nio/fs/WindowsException'{0x00000000feeef570}> (0x00000000feeef570) 
thrown [s\src\hotspot\share\prims\jni.cpp, line 535]

VM Operations (20 events):
Event: 144.533 Executing non-safepoint VM operation: HandshakeAllThreads (Deoptimize) done
Event: 144.724 Executing non-safepoint VM operation: HandshakeAllThreads (Deoptimize)
Event: 144.726 Executing non-safepoint VM operation: HandshakeAllThreads (Deoptimize) done
Event: 144.911 Executing safepoint VM operation: G1CollectForAllocation (G1 Evacuation Pause)
Event: 144.930 Executing safepoint VM operation: G1CollectForAllocation (G1 Evacuation Pause) done
Event: 146.099 Executing non-safepoint VM operation: HandshakeAllThreads (Deoptimize)
Event: 146.100 Executing non-safepoint VM operation: HandshakeAllThreads (Deoptimize) done
Event: 146.133 Executing non-safepoint VM operation: HandshakeAllThreads (Deoptimize)
Event: 146.133 Executing non-safepoint VM operation: HandshakeAllThreads (Deoptimize) done
Event: 146.140 Executing non-safepoint VM operation: HandshakeAllThreads (Deoptimize)
Event: 146.141 Executing non-safepoint VM operation: HandshakeAllThreads (Deoptimize) done
Event: 146.198 Executing non-safepoint VM operation: HandshakeAllThreads (Deoptimize)
Event: 146.199 Executing non-safepoint VM operation: HandshakeAllThreads (Deoptimize) done
Event: 146.263 Executing safepoint VM operation: G1CollectForAllocation (G1 Evacuation Pause)
Event: 146.362 Executing safepoint VM operation: G1CollectForAllocation (G1 Evacuation Pause) done
Event: 146.910 Executing non-safepoint VM operation: HandshakeAllThreads (Deoptimize)
Event: 146.960 Executing non-safepoint VM operation: HandshakeAllThreads (Deoptimize) done
Event: 146.966 Executing non-safepoint VM operation: HandshakeAllThreads (Deoptimize)
Event: 147.028 Executing non-safepoint VM operation: HandshakeAllThreads (Deoptimize) done
Event: 147.181 Executing safepoint VM operation: G1CollectForAllocation (G1 Evacuation Pause)

Memory protections (0 events):
No events

Nmethod flushes (20 events):
Event: 143.155 Thread 0x000002e4e7469120 flushing  nmethod 0x000002e4d4c89f88
Event: 143.155 Thread 0x000002e4e7469120 flushing  nmethod 0x000002e4d4c8a408
Event: 143.155 Thread 0x000002e4e7469120 flushing  nmethod 0x000002e4d4c8a708
Event: 143.155 Thread 0x000002e4e7469120 flushing  nmethod 0x000002e4d4c8b108
Event: 143.155 Thread 0x000002e4e7469120 flushing  nmethod 0x000002e4d4c8b508
Event: 143.155 Thread 0x000002e4e7469120 flushing  nmethod 0x000002e4d4c95288
Event: 143.155 Thread 0x000002e4e7469120 flushing  nmethod 0x000002e4d4c95588
Event: 143.155 Thread 0x000002e4e7469120 flushing  nmethod 0x000002e4d4c95a08
Event: 143.155 Thread 0x000002e4e7469120 flushing  nmethod 0x000002e4d4c96908
Event: 143.155 Thread 0x000002e4e7469120 flushing  nmethod 0x000002e4d4c96c08
Event: 143.155 Thread 0x000002e4e7469120 flushing  nmethod 0x000002e4d4c96f08
Event: 143.155 Thread 0x000002e4e7469120 flushing  nmethod 0x000002e4d4c97988
Event: 143.155 Thread 0x000002e4e7469120 flushing  nmethod 0x000002e4d4c97e88
Event: 143.155 Thread 0x000002e4e7469120 flushing  nmethod 0x000002e4d4c98188
Event: 143.155 Thread 0x000002e4e7469120 flushing  nmethod 0x000002e4d4c98588
Event: 143.155 Thread 0x000002e4e7469120 flushing  nmethod 0x000002e4d4c99b08
Event: 143.155 Thread 0x000002e4e7469120 flushing  nmethod 0x000002e4d4c99e88
Event: 143.155 Thread 0x000002e4e7469120 flushing  nmethod 0x000002e4d4c9a188
Event: 143.155 Thread 0x000002e4e7469120 flushing  nmethod 0x000002e4d4c9a688
Event: 143.155 Thread 0x000002e4e7469120 flushing  nmethod 0x000002e4d4cec388

Events (20 events):
Event: 139.066 Thread 0x000002e4fc0ad6e0 Thread added: 0x000002e4f963f810
Event: 139.314 Thread 0x000002e4f9635bd0 Thread added: 0x000002e4f97d21c0
Event: 143.696 Thread 0x000002e4f97d21c0 Thread exited: 0x000002e4f97d21c0
Event: 143.696 Thread 0x000002e4f9635bd0 Thread added: 0x000002e4ef8736f0
Event: 143.795 Thread 0x000002e4eed788f0 Thread exited: 0x000002e4eed788f0
Event: 143.834 Thread 0x000002e4f055a1c0 Thread exited: 0x000002e4f055a1c0
Event: 144.284 Thread 0x000002e4e74beb50 Thread added: 0x000002e4fc16a8f0
Event: 144.788 Thread 0x000002e4e7630090 Thread added: 0x000002e4fc167080
Event: 145.789 Thread 0x000002e4ef8736f0 Thread exited: 0x000002e4ef8736f0
Event: 145.801 Thread 0x000002e4f9635bd0 Thread added: 0x000002e4f9634c30
Event: 146.087 Thread 0x000002e4f9634c30 Thread exited: 0x000002e4f9634c30
Event: 146.200 Thread 0x000002e4f9635bd0 Thread added: 0x000002e4f97d21c0
Event: 146.241 Thread 0x000002e4fc0b1560 Thread added: 0x000002e4ef8736f0
Event: 146.241 Thread 0x000002e4fc0b1560 Thread added: 0x000002e4eedddff0
Event: 146.242 Thread 0x000002e4ef8736f0 Thread added: 0x000002e4fdf18fa0
Event: 146.244 Thread 0x000002e4eedddff0 Thread added: 0x000002e4fdf1a710
Event: 146.247 Thread 0x000002e4fdf1a710 Thread added: 0x000002e4fdf17060
Event: 146.248 Thread 0x000002e4fdf17060 Thread added: 0x000002e4fdf1b6b0
Event: 146.248 Thread 0x000002e4fdf18fa0 Thread added: 0x000002e4fdf18000
Event: 146.363 Thread 0x000002e4fdf1b6b0 Thread added: 0x000002e4fdf1be80


Dynamic libraries:
0x00007ff703d20000 - 0x00007ff703d2a000 	D:\instl\jbr\bin\java.exe
0x00007ffa59b60000 - 0x00007ffa59dc7000 	C:\WINDOWS\SYSTEM32\ntdll.dll
0x00007ffa58210000 - 0x00007ffa582db000 	C:\WINDOWS\System32\KERNEL32.DLL
0x00007ffa56d90000 - 0x00007ffa57192000 	C:\WINDOWS\System32\KERNELBASE.dll
0x00007ffa574a0000 - 0x00007ffa575ec000 	C:\WINDOWS\System32\ucrtbase.dll
0x00007ffa31cb0000 - 0x00007ffa31ccb000 	D:\instl\jbr\bin\VCRUNTIME140.dll
0x00007ffa2c980000 - 0x00007ffa2c996000 	D:\instl\jbr\bin\jli.dll
0x00007ffa58810000 - 0x00007ffa589df000 	C:\WINDOWS\System32\USER32.dll
0x00007ffa36be0000 - 0x00007ffa36e70000 	C:\WINDOWS\WinSxS\amd64_microsoft.windows.common-controls_6595b64144ccf1df_6.0.26100.9278_none_3e0d1ba8e3303201\COMCTL32.dll
0x00007ffa56d60000 - 0x00007ffa56d87000 	C:\WINDOWS\System32\win32u.dll
0x00007ffa58d50000 - 0x00007ffa58df9000 	C:\WINDOWS\System32\msvcrt.dll
0x00007ffa59af0000 - 0x00007ffa59b1b000 	C:\WINDOWS\System32\GDI32.dll
0x00007ffa576c0000 - 0x00007ffa577e9000 	C:\WINDOWS\System32\gdi32full.dll
0x00007ffa571a0000 - 0x00007ffa57243000 	C:\WINDOWS\System32\msvcp_win.dll
0x00007ffa589f0000 - 0x00007ffa58a21000 	C:\WINDOWS\System32\IMM32.DLL
0x00007ffa36b50000 - 0x00007ffa36b5c000 	D:\instl\jbr\bin\vcruntime140_1.dll
0x00007ffa314c0000 - 0x00007ffa3154d000 	D:\instl\jbr\bin\msvcp140.dll
0x00007ff988c50000 - 0x00007ff989b2d000 	D:\instl\jbr\bin\server\jvm.dll
0x00007ffa59a00000 - 0x00007ffa59abc000 	C:\WINDOWS\System32\ADVAPI32.dll
0x00007ffa586c0000 - 0x00007ffa58769000 	C:\WINDOWS\System32\sechost.dll
0x00007ffa58310000 - 0x00007ffa58428000 	C:\WINDOWS\System32\RPCRT4.dll
0x00007ffa58780000 - 0x00007ffa58800000 	C:\WINDOWS\System32\WS2_32.dll
0x00007ffa56bc0000 - 0x00007ffa56c1e000 	C:\WINDOWS\SYSTEM32\POWRPROF.dll
0x00007ffa40a50000 - 0x00007ffa40a86000 	C:\WINDOWS\SYSTEM32\WINMM.dll
0x00007ffa4ea10000 - 0x00007ffa4ea1b000 	C:\WINDOWS\SYSTEM32\VERSION.dll
0x00007ffa56ba0000 - 0x00007ffa56bb5000 	C:\WINDOWS\SYSTEM32\UMPDC.dll
0x00007ffa559f0000 - 0x00007ffa55a0b000 	C:\WINDOWS\SYSTEM32\kernel.appcore.dll
0x00007ffa31d30000 - 0x00007ffa31d3a000 	D:\instl\jbr\bin\jimage.dll
0x00007ffa54140000 - 0x00007ffa5438c000 	C:\WINDOWS\SYSTEM32\DBGHELP.DLL
0x00007ffa58f70000 - 0x00007ffa592f5000 	C:\WINDOWS\System32\combase.dll
0x00007ffa58bc0000 - 0x00007ffa58c99000 	C:\WINDOWS\System32\OLEAUT32.dll
0x00007ffa32c60000 - 0x00007ffa32c9b000 	C:\WINDOWS\SYSTEM32\dbgcore.DLL
0x00007ffa57600000 - 0x00007ffa576ac000 	C:\WINDOWS\System32\bcryptPrimitives.dll
0x00007ffa3ae30000 - 0x00007ffa3ae3e000 	D:\instl\jbr\bin\instrument.dll
0x00007ffa31c90000 - 0x00007ffa31cae000 	D:\instl\jbr\bin\java.dll
0x00007ffa59300000 - 0x00007ffa5949a000 	C:\WINDOWS\System32\ole32.dll
0x00007ffa57880000 - 0x00007ffa58018000 	C:\WINDOWS\System32\SHELL32.dll
0x00007ffa31c70000 - 0x00007ffa31c86000 	D:\instl\jbr\bin\zip.dll
0x00007ffa54780000 - 0x00007ffa5502e000 	C:\WINDOWS\SYSTEM32\windows.storage.dll
0x00007ffa58110000 - 0x00007ffa5820b000 	C:\WINDOWS\System32\SHCORE.dll
0x00007ffa580a0000 - 0x00007ffa58106000 	C:\WINDOWS\System32\shlwapi.dll
0x00007ffa56c50000 - 0x00007ffa56c79000 	C:\WINDOWS\SYSTEM32\profapi.dll
0x00007ffa31b60000 - 0x00007ffa31b70000 	D:\instl\jbr\bin\net.dll
0x00007ffa55f90000 - 0x00007ffa55ffc000 	C:\WINDOWS\system32\mswsock.dll
0x00007ffa31550000 - 0x00007ffa31566000 	D:\instl\jbr\bin\nio.dll
0x00007ffa313a0000 - 0x00007ffa313b0000 	D:\instl\jbr\bin\verify.dll
0x00007ffa2ca00000 - 0x00007ffa2ca27000 	C:\Users\«”«„… Õ„Ìœ „Õ„œ ﬁ«∆œ\.gradle\native\660c5614fbf4a5f2a75b1949f50a0caf5cd603558e7d8a26e50b933a0cfb79d1\windows-amd64\native-platform.dll
0x00007ff9dd410000 - 0x00007ff9dd487000 	C:\Users\«”«„… Õ„Ìœ „Õ„œ ﬁ«∆œ\.gradle\native\0.2.8\x86_64-windows-gnu\gradle-fileevents.dll
0x00007ffa314b0000 - 0x00007ffa314b9000 	D:\instl\jbr\bin\management.dll
0x00007ffa314a0000 - 0x00007ffa314ab000 	D:\instl\jbr\bin\management_ext.dll
0x00007ffa58f60000 - 0x00007ffa58f68000 	C:\WINDOWS\System32\PSAPI.DLL
0x00007ffa553a0000 - 0x00007ffa553d3000 	C:\WINDOWS\SYSTEM32\IPHLPAPI.DLL
0x00007ffa58770000 - 0x00007ffa5877a000 	C:\WINDOWS\System32\NSI.dll
0x00007ffa31cd0000 - 0x00007ffa31cd9000 	D:\instl\jbr\bin\extnet.dll
0x00007ffa563b0000 - 0x00007ffa563cb000 	C:\WINDOWS\SYSTEM32\CRYPTSP.dll
0x00007ffa55950000 - 0x00007ffa55989000 	C:\WINDOWS\system32\rsaenh.dll
0x00007ffa56040000 - 0x00007ffa56074000 	C:\WINDOWS\SYSTEM32\USERENV.dll
0x00007ffa56c80000 - 0x00007ffa56caa000 	C:\WINDOWS\SYSTEM32\bcrypt.dll
0x00007ffa561f0000 - 0x00007ffa561fc000 	C:\WINDOWS\SYSTEM32\CRYPTBASE.dll
0x00007ffa3a040000 - 0x00007ffa3a048000 	C:\WINDOWS\system32\wshunix.dll
0x00007ffa55430000 - 0x00007ffa55588000 	C:\WINDOWS\SYSTEM32\DNSAPI.dll
0x00007ffa55d90000 - 0x00007ffa55d9d000 	C:\WINDOWS\SYSTEM32\DSPARSE.dll
0x00007ffa4e930000 - 0x00007ffa4e93b000 	C:\Windows\System32\rasadhlp.dll
0x00007ffa4ef00000 - 0x00007ffa4ef86000 	C:\WINDOWS\System32\fwpuclnt.dll
0x00007ffa55b20000 - 0x00007ffa55b56000 	C:\WINDOWS\SYSTEM32\ntmarta.dll

JVMTI agents:
C:\Users\«”«„… Õ„Ìœ „Õ„œ ﬁ«∆œ\.gradle\wrapper\dists\gradle-9.6.0-bin\42k10rwplmzkhuboz9kdazi7s\gradle-9.6.0\lib\agents\gradle-instrumentation-agent-9.6.0.jar path:D:\instl\jbr\bin\instrument.dll, loaded, initialized, instrumentlib options:none

dbghelp: loaded successfully - version: 4.0.5 - missing functions: none
symbol engine: initialized successfully - sym options: 0x614 - pdb path: .;D:\instl\jbr\bin;C:\WINDOWS\SYSTEM32;C:\WINDOWS\WinSxS\amd64_microsoft.windows.common-controls_6595b64144ccf1df_6.0.26100.9278_none_3e0d1ba8e3303201;D:\instl\jbr\bin\server;C:\Users\«”«„… Õ„Ìœ „Õ„œ ﬁ«∆œ\.gradle\native\660c5614fbf4a5f2a75b1949f50a0caf5cd603558e7d8a26e50b933a0cfb79d1\windows-amd64;C:\Users\«”«„… Õ„Ìœ „Õ„œ ﬁ«∆œ\.gradle\native\0.2.8\x86_64-windows-gnu

VM Arguments:
jvm_args: --add-opens=java.base/java.lang=ALL-UNNAMED --add-opens=java.base/java.lang.invoke=ALL-UNNAMED --add-opens=java.base/java.util=ALL-UNNAMED --add-opens=java.prefs/java.util.prefs=ALL-UNNAMED --add-exports=jdk.compiler/com.sun.tools.javac.api=ALL-UNNAMED --add-exports=jdk.compiler/com.sun.tools.javac.util=ALL-UNNAMED --add-opens=java.base/java.nio.charset=ALL-UNNAMED --add-opens=java.base/java.net=ALL-UNNAMED --add-opens=java.base/java.util.concurrent=ALL-UNNAMED --add-opens=java.base/java.util.concurrent.atomic=ALL-UNNAMED --add-opens=java.xml/javax.xml.namespace=ALL-UNNAMED --add-opens=java.base/java.time=ALL-UNNAMED --enable-native-access=ALL-UNNAMED -Xmx2048m -Dfile.encoding=UTF-8 -Duser.country=SA -Duser.language=ar -Duser.variant -javaagent:C:\Users\«”«„… Õ„Ìœ „Õ„œ ﬁ«∆œ\.gradle\wrapper\dists\gradle-9.6.0-bin\42k10rwplmzkhuboz9kdazi7s\gradle-9.6.0\lib\agents\gradle-instrumentation-agent-9.6.0.jar 
java_command: org.gradle.launcher.daemon.bootstrap.GradleDaemon 9.6.0
java_class_path (initial): C:\Users\«”«„… Õ„Ìœ „Õ„œ ﬁ«∆œ\.gradle\wrapper\dists\gradle-9.6.0-bin\42k10rwplmzkhuboz9kdazi7s\gradle-9.6.0\lib\gradle-daemon-main-9.6.0.jar
Launcher Type: SUN_STANDARD

[Global flags]
     intx CICompilerCount                          = 4                                         {product} {ergonomic}
     uint ConcGCThreads                            = 2                                         {product} {ergonomic}
     uint G1ConcRefinementThreads                  = 8                                         {product} {ergonomic}
   size_t G1HeapRegionSize                         = 1048576                                   {product} {ergonomic}
   size_t InitialHeapSize                          = 266338304                                 {product} {ergonomic}
   size_t MarkStackSize                            = 4194304                                   {product} {ergonomic}
   size_t MarkStackSizeMax                         = 536870912                                 {product} {ergonomic}
   size_t MaxHeapSize                              = 2147483648                                {product} {command line}
   size_t MaxNewSize                               = 1287651328                                {product} {ergonomic}
   size_t MinHeapDeltaBytes                        = 1048576                                   {product} {ergonomic}
   size_t MinHeapSize                              = 8388608                                   {product} {ergonomic}
    uintx NonNMethodCodeHeapSize                   = 5898240                                {pd product} {ergonomic}
    uintx NonProfiledCodeHeapSize                  = 122945536                              {pd product} {ergonomic}
    uintx ProfiledCodeHeapSize                     = 122945536                              {pd product} {ergonomic}
    uintx ReservedCodeCacheSize                    = 251789312                              {pd product} {ergonomic}
     bool SegmentedCodeCache                       = true                                      {product} {ergonomic}
   size_t SoftMaxHeapSize                          = 2147483648                             {manageable} {ergonomic}
     bool UseCompressedOops                        = true                           {product lp64_product} {ergonomic}
     bool UseG1GC                                  = true                                      {product} {ergonomic}
     bool UseLargePagesIndividualAllocation        = false                                  {pd product} {ergonomic}

Logging:
Log output configuration:
 #0: stdout all=warning uptime,level,tags foldmultilines=false
 #1: stderr all=off uptime,level,tags foldmultilines=false

Release file:
JAVA_VERSION="25.0.3" 
MODULES="java.base java.compiler java.datatransfer java.xml java.prefs java.desktop java.instrument java.logging java.management java.security.sasl java.naming java.rmi java.management.rmi java.net.http java.scripting java.security.jgss java.transaction.xa java.sql java.sql.rowset java.xml.crypto java.se java.smartcardio jdk.accessibility jdk.internal.jvmstat jdk.attach jdk.charsets jdk.internal.opt jdk.zipfs jdk.compiler jdk.crypto.cryptoki jdk.crypto.ec jdk.dynalink jdk.hotspot.agent jdk.httpserver jdk.internal.ed jdk.internal.le jdk.internal.md jdk.internal.vm.ci jdk.jartool jdk.javadoc jdk.jcmd jdk.jdeps jdk.jdwp.agent jdk.jdi jdk.jfr jdk.jlink jdk.localedata jdk.management jdk.management.agent jdk.management.jfr jdk.naming.dns jdk.naming.rmi jdk.net jdk.sctp jdk.security.auth jdk.security.jgss jdk.unsupported jdk.unsupported.desktop jdk.xml.dom" 
IMPLEMENTOR="JetBrains s.r.o." 
JAVA_RUNTIME_VERSION="25.0.3+-15898627-b508.16" 
LIBC="default" 
OS_ARCH="x86_64" 
OS_NAME="Windows" 
SOURCE=".:git:a8b1dba3234f" 

Environment Variables:
PATH=C:\Program Files (x86)\VMware\VMware Workstation\bin\;C:\WINDOWS\system32;C:\WINDOWS;C:\WINDOWS\System32\Wbem;C:\WINDOWS\System32\WindowsPowerShell\v1.0\;C:\WINDOWS\System32\OpenSSH\;C:\Program Files\Azure Data Studio\bin;C:\Program Files (x86)\Microsoft SQL Server\150\DTS\Binn\;C:\Program Files (x86)\Microsoft SQL Server\160\Tools\Binn\;C:\Program Files\Microsoft SQL Server\160\Tools\Binn\;C:\Program Files\Microsoft SQL Server\Client SDK\ODBC\170\Tools\Binn\;C:\Program Files\Microsoft SQL Server\160\DTS\Binn\;C:\Program Files (x86)\Microsoft SQL Server\160\DTS\Binn\;C:\Program Files\Microsoft SQL Server\150\Tools\Binn\;C:\Program Files\dotnet\;C:\Program Files (x86)\Windows Kits\10\Windows Performance Toolkit\;C:\Program Files\Microsoft\Web Platform Installer\;C:\Program Files (x86)\Microsoft ASP.NET\ASP.NET Web Pages\v1.0\;C:\Program Files\Microsoft SQL Server\110\Tools\Binn\;C:\Python310\Scripts\;C:\Python310\;C:\Users\«”«„… Õ„Ìœ „Õ„œ ﬁ«∆œ\AppData\Local\Programs\Python\Python310\Scripts\;C:\Users\«”«„… Õ„Ìœ „Õ„œ ﬁ«∆œ\AppData\Local\Programs\Python\Python310\;C:\Users\«”«„… Õ„Ìœ „Õ„œ ﬁ«∆œ\AppData\Local\Programs\Python\Python312\Scripts\;C:\Users\«”«„… Õ„Ìœ „Õ„œ ﬁ«∆œ\AppData\Local\Programs\Python\Python312\;C:\Users\«”«„… Õ„Ìœ „Õ„œ ﬁ«∆œ\AppData\Local\Microsoft\WindowsApps;;C:\Program Files\Azure Data Studio\bin;C:\Users\«”«„… Õ„Ìœ „Õ„œ ﬁ«∆œ\.dotnet\tools;C:\Users\«”«„… Õ„Ìœ „Õ„œ ﬁ«∆œ\AppData\Local\Programs\Microsoft VS Code\bin
USERNAME=«”«„… Õ„Ìœ „Õ„œ ﬁ«∆œ
OS=Windows_NT
PROCESSOR_IDENTIFIER=Intel64 Family 6 Model 166 Stepping 1, GenuineIntel
TMP=C:\Users\3BD4~1\AppData\Local\Temp
TEMP=C:\Users\3BD4~1\AppData\Local\Temp




Compilation memory statistics disabled.

Periodic native trim disabled

JNI global refs:
JNI global refs: 27, weak refs: 68

JNI global refs memory usage: 835, weak refs: 1465

Process memory usage:
Resident Set Size: 1137728K (6% of 16549920K total physical memory with 2302284K free physical memory)

OOME stack traces (most recent first):
Classloader memory used:
Loader org.gradle.internal.classloader.VisitableURLClassLoader                         : 113 M
Loader org.gradle.internal.classloader.VisitableURLClassLoader$InstrumentingVisitableURLClassLoader: 59934 K
Loader bootstrap                                                                       : 36543 K
Loader org.gradle.initialization.MixInLegacyTypesClassLoader                           : 17473 K
Loader org.gradle.internal.classloader.VisitableURLClassLoader                         : 8530 K
Loader jdk.internal.jrtfs.JrtFileSystemProvider$JrtFsLoader                            : 326 K
Loader jdk.internal.loader.ClassLoaders$PlatformClassLoader                            : 232 K
Loader org.gradle.groovy.scripts.internal.DefaultScriptCompilationHandler$ScriptClassLoader: 199 K
Loader jdk.internal.loader.ClassLoaders$AppClassLoader                                 : 188 K
Loader sun.reflect.misc.MethodUtil                                                     : 2968 B

Classes loaded by more than one classloader:
Class Program                                                                         : loaded 5 times (x 74B)
Class com.google.common.collect.Iterators$ArrayItr                                    : loaded 4 times (x 99B)
Class com.google.common.collect.UnmodifiableIterator                                  : loaded 4 times (x 82B)
Class com.google.common.collect.Iterators$SingletonIterator                           : loaded 4 times (x 83B)
Class com.google.common.collect.ImmutableList                                         : loaded 4 times (x 208B)
Class com.google.common.collect.Iterators                                             : loaded 4 times (x 73B)
Class com.google.common.collect.Lists$StringAsImmutableList                           : loaded 4 times (x 209B)
Class com.google.common.collect.AbstractIterator                                      : loaded 4 times (x 84B)
Class com.google.common.collect.AbstractIndexedListIterator                           : loaded 4 times (x 98B)
Class com.google.common.collect.Iterators$MergingIterator                             : loaded 4 times (x 83B)
Class com.google.common.collect.Iterators$1                                           : loaded 4 times (x 83B)
Class com.google.common.collect.PeekingIterator                                       : loaded 4 times (x 72B)
Class com.google.common.collect.Iterators$4                                           : loaded 4 times (x 84B)
Class com.google.common.base.Preconditions                                            : loaded 4 times (x 73B)
Class com.google.common.collect.Iterators$5                                           : loaded 4 times (x 84B)
Class com.google.common.collect.ImmutableCollection                                   : loaded 4 times (x 127B)
Class com.google.common.collect.Lists                                                 : loaded 4 times (x 73B)
Class com.google.common.collect.Iterators$9                                           : loaded 4 times (x 83B)
Class com.google.common.collect.UnmodifiableListIterator                              : loaded 4 times (x 97B)
Class com.google.common.base.CharMatcher$IsEither                                     : loaded 3 times (x 113B)
Class com.google.common.base.CharMatcher$NegatedFastMatcher                           : loaded 3 times (x 115B)
Class com.google.common.base.Predicate                                                : loaded 3 times (x 72B)
Class com.google.common.base.CharMatcher$FastMatcher                                  : loaded 3 times (x 113B)
Class org.gradle.api.Action                                                           : loaded 3 times (x 72B)
Class org.gradle.internal.Cast                                                        : loaded 3 times (x 73B)
Class com.google.common.base.CharMatcher$Or                                           : loaded 3 times (x 114B)
Class com.google.common.collect.ImmutableSet                                          : loaded 3 times (x 147B)
Class com.google.common.base.CharMatcher$BitSetMatcher                                : loaded 3 times (x 114B)
Class com.google.common.collect.RegularImmutableList                                  : loaded 3 times (x 215B)
Class com.google.common.base.Function                                                 : loaded 3 times (x 72B)
Class com.google.common.base.CharMatcher$IsNot                                        : loaded 3 times (x 113B)
Class com.google.common.collect.RegularImmutableSet                                   : loaded 3 times (x 150B)
Class org.gradle.api.GradleException                                                  : loaded 3 times (x 84B)
Class org.gradle.internal.IoActions                                                   : loaded 3 times (x 73B)
Class com.google.common.collect.ImmutableList$1                                       : loaded 3 times (x 99B)
Class com.google.common.collect.ImmutableSet$CachingAsList                            : loaded 3 times (x 150B)
Class com.google.common.collect.ImmutableSet$RegularSetBuilderImpl                    : loaded 3 times (x 78B)
Class com.google.common.base.CharMatcher$Negated                                      : loaded 3 times (x 115B)
Class com.google.common.base.CharMatcher$AnyOf                                        : loaded 3 times (x 114B)
Class com.google.common.base.CharMatcher$ForPredicate                                 : loaded 3 times (x 114B)
Class com.google.common.base.CharMatcher$Is                                           : loaded 3 times (x 113B)
Class com.google.common.base.Joiner$1                                                 : loaded 3 times (x 83B)
Class com.google.common.collect.SingletonImmutableSet                                 : loaded 3 times (x 148B)
Class com.google.common.base.CharMatcher                                              : loaded 3 times (x 113B)
Class com.google.common.collect.ImmutableList$ReverseImmutableList                    : loaded 3 times (x 211B)
Class com.google.common.collect.SingletonImmutableList                                : loaded 3 times (x 209B)
Class com.google.common.base.Joiner$2                                                 : loaded 3 times (x 82B)
Class com.google.common.base.ExtraObjectsMethodsForWeb                                : loaded 3 times (x 73B)
Class com.google.common.collect.Multimap                                              : loaded 3 times (x 72B)
Class com.google.common.base.CharMatcher$1                                            : loaded 3 times (x 115B)
Class com.google.common.base.CharMatcher$NamedFastMatcher                             : loaded 3 times (x 114B)
Class com.google.common.base.Objects                                                  : loaded 3 times (x 73B)
Class com.google.common.base.CharMatcher$And                                          : loaded 3 times (x 114B)
Class com.google.common.base.CharMatcher$InRange                                      : loaded 3 times (x 113B)
Class Build_gradle                                                                    : loaded 3 times (x 128B)
Class com.google.common.collect.RegularImmutableAsList                                : loaded 3 times (x 219B)
Class com.google.common.collect.ImmutableList$Builder                                 : loaded 3 times (x 79B)
Class com.google.common.collect.ImmutableSet$SetBuilderImpl                           : loaded 3 times (x 78B)
Class com.intellij.gradle.toolingExtension.util.GradleVersionUtil                     : loaded 3 times (x 73B)
Class com.google.common.collect.ImmutableList$SubList                                 : loaded 3 times (x 211B)
Class com.google.common.base.Joiner                                                   : loaded 3 times (x 82B)
Class com.google.common.collect.ImmutableCollection$Builder                           : loaded 3 times (x 78B)
Class com.google.common.collect.ForwardingObject                                      : loaded 3 times (x 74B)
Class com.google.common.collect.ImmutableAsList                                       : loaded 3 times (x 211B)
Class org.objectweb.asm.ClassVisitor                                                  : loaded 2 times (x 90B)
Class com.google.gson.internal.bind.TypeAdapters$30                                   : loaded 2 times (x 78B)
Class com.google.gson.internal.bind.JsonTreeReader                                    : loaded 2 times (x 99B)
Class com.google.gson.TypeAdapterFactory                                              : loaded 2 times (x 72B)
Class jdk.internal.jimage.decompressor.StringSharingDecompressorFactory               : loaded 2 times (x 76B)
Class com.intellij.util.ThrowableConsumer                                             : loaded 2 times (x 72B)
Class io.opentelemetry.api.internal.OtelEncodingUtils                                 : loaded 2 times (x 73B)
Class kotlin.sequences.TransformingSequence                                           : loaded 2 times (x 77B)
Class org.gradle.tooling.internal.adapter.MethodInvocation                            : loaded 2 times (x 87B)
Class org.gradle.internal.operations.MultipleBuildOperationFailures                   : loaded 2 times (x 97B)
Class com.google.common.collect.MapMakerInternalMap$StrongKeyDummyValueEntry$LinkedStrongKeyDummyValueEntry: loaded 2 times (x 84B)
Class com.google.common.collect.MapMakerInternalMap$Strength                          : loaded 2 times (x 82B)
Class com.google.common.base.Platform$JdkPatternCompiler                              : loaded 2 times (x 77B)
Class org.objectweb.asm.MethodTooLargeException                                       : loaded 2 times (x 84B)
Class [Lcom.google.common.cache.CacheBuilder$OneWeigher;                              : loaded 2 times (x 71B)
Class com.google.common.base.Suppliers                                                : loaded 2 times (x 73B)
Class com.google.gson.internal.bind.JsonAdapterAnnotationTypeAdapterFactory$DummyTypeAdapterFactory: loaded 2 times (x 77B)
Class com.google.gson.internal.bind.TypeAdapters$31                                   : loaded 2 times (x 78B)
Class com.google.gson.JsonSyntaxException                                             : loaded 2 times (x 84B)
Class org.jetbrains.kotlin.idea.gradleTooling.AndroidAwareGradleModelProvider$Companion: loaded 2 times (x 73B)
Class [Lcom.amazon.ion.impl.bin.IonRawBinaryWriter$StreamCloseMode;                   : loaded 2 times (x 71B)
Class com.amazon.ion.impl.lite.IonSymbolLite                                          : loaded 2 times (x 249B)
Class com.amazon.ion.impl.bin.IonManagedBinaryWriter$ImportedSymbolResolverMode$1     : loaded 2 times (x 82B)
Class io.opentelemetry.api.GlobalOpenTelemetry                                        : loaded 2 times (x 73B)
Class com.intellij.util.containers.IntObjectHashMap$ArrayProducer                     : loaded 2 times (x 72B)
Class org.gradle.internal.classloader.DefaultClassLoaderFactory                       : loaded 2 times (x 84B)
Class org.apache.commons.io.file.PathUtils                                            : loaded 2 times (x 73B)
Class com.google.common.base.CharMatcher$None                                         : loaded 2 times (x 114B)
Class com.google.gson.internal.bind.TypeAdapters$32                                   : loaded 2 times (x 78B)
Class com.amazon.ion.impl.bin.IonManagedBinaryWriter$ImportedSymbolResolverMode$2     : loaded 2 times (x 82B)
Class io.opentelemetry.context.Scope                                                  : loaded 2 times (x 72B)
Class com.google.common.collect.ReverseNaturalOrdering                                : loaded 2 times (x 116B)
Class kotlin.text.MatcherMatchResult$groupValues$1                                    : loaded 2 times (x 200B)
Class kotlin.sequences.SequencesKt___SequencesKt                                      : loaded 2 times (x 73B)
Class kotlin.collections.AbstractList$Companion                                       : loaded 2 times (x 73B)
Class com.google.gson.internal.bind.ObjectTypeAdapter                                 : loaded 2 times (x 76B)
Class [Lcom.google.common.collect.ImmutableMapEntry;                                  : loaded 2 times (x 71B)
Class [Lcom.android.ide.common.repository.AgpVersion$PreviewKind;                     : loaded 2 times (x 71B)
Class org.jetbrains.kotlin.idea.projectModel.KotlinTaskProperties                     : loaded 2 times (x 72B)
Class org.jetbrains.plugins.gradle.tooling.serialization.internal.IdeaProjectSerializationService: loaded 2 times (x 79B)
Class com.google.common.collect.Ordering                                              : loaded 2 times (x 116B)
Class kotlin.sequences.SequencesKt___SequencesKt$flatMap$2                            : loaded 2 times (x 131B)
Class [Lorg.apache.commons.io.StandardLineSeparator;                                  : loaded 2 times (x 71B)
Class org.apache.commons.io.output.StringBuilderWriter                                : loaded 2 times (x 102B)
Class com.android.builder.model.v2.models.AndroidDsl                                  : loaded 2 times (x 72B)
Class com.google.common.collect.ListMultimap                                          : loaded 2 times (x 72B)
Class com.google.common.collect.ImmutableEnumMap                                      : loaded 2 times (x 128B)
Class com.amazon.ion.impl.lite.IonSystemLite                                          : loaded 2 times (x 277B)
Class com.amazon.ion.util.InputStreamInterceptor                                      : loaded 2 times (x 72B)
Class com.amazon.ion.impl.bin.IonRawBinaryWriter$PreallocationMode                    : loaded 2 times (x 83B)
Class com.amazon.ion.impl.bin._Private_IonRawWriter                                   : loaded 2 times (x 72B)
Class com.amazon.ion.IonWriter                                                        : loaded 2 times (x 72B)
Class kotlin.text.StringsKt__AppendableKt                                             : loaded 2 times (x 73B)
Class com.google.common.collect.ImmutableRangeSet                                     : loaded 2 times (x 117B)
Class org.gradle.tooling.internal.gradle.DefaultProjectIdentifier                     : loaded 2 times (x 88B)
Class com.google.common.collect.Iterators$EmptyModifiableIterator                     : loaded 2 times (x 88B)
Class com.google.common.base.Splitter                                                 : loaded 2 times (x 74B)
Class com.google.common.collect.ImmutableSet$SerializedForm                           : loaded 2 times (x 75B)
Class com.google.common.collect.Sets$1                                                : loaded 2 times (x 143B)
Class org.objectweb.asm.AnnotationVisitor                                             : loaded 2 times (x 80B)
Class com.android.ide.common.gradle.Numeric                                           : loaded 2 times (x 79B)
Class com.google.gson.internal.bind.TypeAdapters                                      : loaded 2 times (x 73B)
Class com.google.gson.FormattingStyle                                                 : loaded 2 times (x 80B)
Class com.google.gson.FieldNamingPolicy                                               : loaded 2 times (x 85B)
Class com.amazon.ion.impl._Private_IonContainer                                       : loaded 2 times (x 72B)
Class com.intellij.gradle.toolingExtension.impl.model.buildScriptClasspathModel.GradleBuildScriptClasspathSerializationService$ReadContext: loaded 2 times (x 74B)
Class ijInit2_c757vcd733p3vagw3mxz6nz9j                                               : loaded 2 times (x 173B)
Class com.google.common.collect.Iterators$PeekingImpl                                 : loaded 2 times (x 87B)
Class com.google.common.collect.ComparatorOrdering                                    : loaded 2 times (x 117B)
Class org.gradle.api.internal.DefaultClassPathProvider                                : loaded 2 times (x 78B)
Class com.google.common.collect.MapMakerInternalMap$Strength$1                        : loaded 2 times (x 82B)
Class com.google.common.collect.Maps$ViewCachingAbstractMap                           : loaded 2 times (x 127B)
Class com.android.builder.model.v2.models.BasicAndroidProject                         : loaded 2 times (x 72B)
Class com.google.common.collect.Sets$2                                                : loaded 2 times (x 143B)
Class com.google.gson.JsonArray                                                       : loaded 2 times (x 102B)
Class com.google.gson.FieldNamingStrategy                                             : loaded 2 times (x 72B)
Class com.amazon.ion.impl.SharedSymbolTable                                           : loaded 2 times (x 95B)
Class com.amazon.ion.impl.bin.IonRawBinaryWriter                                      : loaded 2 times (x 170B)
Class com.amazon.ion.SymbolToken                                                      : loaded 2 times (x 72B)
Class kotlin.text.StringsKt__StringNumberConversionsJVMKt                             : loaded 2 times (x 73B)
Class com.google.common.collect.NaturalOrdering                                       : loaded 2 times (x 117B)
Class kotlin.text.MatchResult                                                         : loaded 2 times (x 72B)
Class kotlin.sequences.SequenceScope                                                  : loaded 2 times (x 75B)
Class kotlin.sequences.Sequence                                                       : loaded 2 times (x 72B)
Class org.gradle.tooling.ToolingModelContract                                         : loaded 2 times (x 72B)
Class [Lorg.gradle.api.internal.ClassPathProvider;                                    : loaded 2 times (x 71B)
Class org.gradle.api.internal.ClassPathProvider                                       : loaded 2 times (x 72B)
Class com.google.common.collect.MapMakerInternalMap$Strength$2                        : loaded 2 times (x 82B)
Class com.google.common.reflect.Types$ClassOwnership$1                                : loaded 2 times (x 82B)
Class com.google.common.base.AbstractIterator$State                                   : loaded 2 times (x 81B)
Class org.jetbrains.kotlin.cli.common.CompilerSystemProperties                        : loaded 2 times (x 81B)
Class [Lorg.objectweb.asm.AnnotationVisitor;                                          : loaded 2 times (x 71B)
Class com.google.common.collect.Sets$3                                                : loaded 2 times (x 143B)
Class com.google.common.cache.LocalCache$LocalLoadingCache                            : loaded 2 times (x 136B)
Class com.amazon.ion.impl.lite.IonBoolLite                                            : loaded 2 times (x 181B)
Class kotlin.collections.CollectionsKt___CollectionsKt$asSequence$$inlined$Sequence$1 : loaded 2 times (x 77B)
Class org.gradle.internal.service.UnknownServiceException                             : loaded 2 times (x 85B)
Class com.google.common.collect.MapMakerInternalMap$StrongValueEntry                  : loaded 2 times (x 72B)
Class com.google.common.reflect.Types$ClassOwnership$2                                : loaded 2 times (x 82B)
Class com.google.common.reflect.TypeResolver                                          : loaded 2 times (x 74B)
Class com.google.common.collect.Sets$4                                                : loaded 2 times (x 143B)
Class org.objectweb.asm.ModuleVisitor                                                 : loaded 2 times (x 83B)
Class com.google.common.cache.LocalCache$Strength$1                                   : loaded 2 times (x 83B)
Class org.jetbrains.kotlin.idea.gradleTooling.model.kapt.KaptGradleModel              : loaded 2 times (x 72B)
Class org.jetbrains.kotlin.idea.gradleTooling.KotlinDslScriptAdditionalTask           : loaded 2 times (x 72B)
Class org.jetbrains.plugins.gradle.model.ClasspathEntryModel                          : loaded 2 times (x 72B)
Class org.jetbrains.kotlin.cli.common.messages.CompilerMessageSeverity                : loaded 2 times (x 81B)
Class org.apache.commons.io.output.QueueOutputStream                                  : loaded 2 times (x 89B)
Class com.google.common.reflect.Types$ClassOwnership$3                                : loaded 2 times (x 73B)
Class com.google.common.util.concurrent.SettableFuture                                : loaded 2 times (x 116B)
Class com.google.common.cache.LocalCache$Strength$2                                   : loaded 2 times (x 83B)
Class com.amazon.ion.IonTimestamp                                                     : loaded 2 times (x 72B)
Class com.amazon.ion.impl.bin.PooledBlockAllocatorProvider$PooledBlockAllocator       : loaded 2 times (x 83B)
Class com.intellij.platform.diagnostic.telemetry.rt.context.TelemetryContextGetter    : loaded 2 times (x 77B)
Class org.jetbrains.plugins.gradle.tooling.serialization.GradleExtensionsSerializationService: loaded 2 times (x 79B)
Class org.gradle.api.JavaVersion                                                      : loaded 2 times (x 81B)
Class org.gradle.tooling.model.Dependency                                             : loaded 2 times (x 72B)
Class com.google.common.collect.Interners$InternerImpl                                : loaded 2 times (x 77B)
Class com.google.common.collect.Interner                                              : loaded 2 times (x 72B)
Class com.google.common.collect.TransformedIterator                                   : loaded 2 times (x 82B)
Class com.google.common.base.Splitter$1                                               : loaded 2 times (x 79B)
Class com.android.builder.model.v2.ide.AbstractArtifact                               : loaded 2 times (x 72B)
Class com.google.common.cache.LocalCache$Strength$3                                   : loaded 2 times (x 83B)
Class com.google.common.collect.MapDifference                                         : loaded 2 times (x 72B)
Class com.amazon.ion.IonDatagram                                                      : loaded 2 times (x 72B)
Class com.amazon.ion.impl.bin.IonManagedBinaryWriter$ImportedSymbolResolverMode$1$1   : loaded 2 times (x 80B)
Class com.amazon.ion.impl._Private_ByteTransferSink                                   : loaded 2 times (x 72B)
Class com.intellij.openapi.externalSystem.model.project.dependencies.ResolutionState  : loaded 2 times (x 81B)
Class kotlin.text.StringsKt__RegexExtensionsJVMKt                                     : loaded 2 times (x 73B)
Class com.google.common.collect.AllEqualOrdering                                      : loaded 2 times (x 116B)
Class kotlin.collections.ArraysKt___ArraysJvmKt                                       : loaded 2 times (x 73B)
Class kotlin.collections.CollectionsKt__CollectionsKt                                 : loaded 2 times (x 73B)
Class com.google.common.collect.MapMaker$Dummy                                        : loaded 2 times (x 81B)
Class com.google.common.reflect.Invokable                                             : loaded 2 times (x 105B)
Class org.objectweb.asm.FieldWriter                                                   : loaded 2 times (x 79B)
Class com.google.common.cache.CacheBuilder$NullListener                               : loaded 2 times (x 84B)
Class com.google.gson.LongSerializationPolicy                                         : loaded 2 times (x 82B)
Class org.jetbrains.plugins.gradle.model.ExternalLibraryDependency                    : loaded 2 times (x 72B)
Class kotlin.text.Regex$Companion                                                     : loaded 2 times (x 73B)
Class org.gradle.internal.classpath.TransformedClassPath                              : loaded 2 times (x 98B)
Class org.gradle.internal.classloader.InstrumentingClassLoader                        : loaded 2 times (x 72B)
Class org.apache.commons.io.output.UnsynchronizedByteArrayOutputStream                : loaded 2 times (x 104B)
Class com.google.common.reflect.Types$ParameterizedTypeImpl                           : loaded 2 times (x 83B)
Class com.google.common.collect.ImmutableListMultimap                                 : loaded 2 times (x 178B)
Class [Lorg.objectweb.asm.Symbol;                                                     : loaded 2 times (x 71B)
Class com.google.common.cache.CacheLoader$FunctionToCacheLoader                       : loaded 2 times (x 77B)
Class com.android.utils.FileUtils                                                     : loaded 2 times (x 73B)
Class com.amazon.ion.IonValue                                                         : loaded 2 times (x 72B)
Class com.google.common.collect.ImmutableRangeSet$AsSet                               : loaded 2 times (x 302B)
Class kotlin.jvm.internal.FunctionReference                                           : loaded 2 times (x 128B)
Class [Lkotlin.coroutines.intrinsics.CoroutineSingletons;                             : loaded 2 times (x 71B)
Class kotlin.jvm.internal.FunctionBase                                                : loaded 2 times (x 72B)
Class kotlin.enums.EnumEntriesList                                                    : loaded 2 times (x 225B)
Class ijJvmDebugger2_asaq43r3106u8hgcl9dnuytj4                                        : loaded 2 times (x 173B)
Class org.apache.commons.io.output.ByteArrayOutputStream                              : loaded 2 times (x 104B)
Class com.google.common.reflect.TypeResolver$TypeVariableKey                          : loaded 2 times (x 74B)
Class com.google.common.collect.EmptyImmutableListMultimap                            : loaded 2 times (x 178B)
Class com.google.common.collect.BaseImmutableMultimap                                 : loaded 2 times (x 125B)
Class com.android.builder.model.v2.ide.AaptOptions$Namespacing                        : loaded 2 times (x 81B)
Class com.google.common.base.MoreObjects                                              : loaded 2 times (x 73B)
Class com.google.gson.internal.bind.DefaultDateTypeAdapter                            : loaded 2 times (x 76B)
Class com.google.gson.GsonBuilder                                                     : loaded 2 times (x 74B)
Class com.amazon.ion.impl.bin.IonRawBinaryWriter$ContainerType                        : loaded 2 times (x 81B)
Class com.amazon.ion.impl._Private_IonTextWriterBuilder$Mutable                       : loaded 2 times (x 103B)
Class kotlin.comparisons.ComparisonsKt___ComparisonsJvmKt                             : loaded 2 times (x 73B)
Class kotlin.collections.CollectionsKt__IteratorsJVMKt                                : loaded 2 times (x 73B)
Class com.android.builder.model.v2.ide.TestInfo$Execution                             : loaded 2 times (x 81B)
Class com.google.gson.internal.Primitives                                             : loaded 2 times (x 73B)
Class com.google.common.collect.Platform                                              : loaded 2 times (x 73B)
Class [Lorg.objectweb.asm.Type;                                                       : loaded 2 times (x 71B)
Class com.google.gson.stream.JsonWriter                                               : loaded 2 times (x 100B)
Class com.google.common.collect.TransformedListIterator                               : loaded 2 times (x 95B)
Class org.jetbrains.kotlin.idea.gradleTooling.KotlinSourceSetContainer                : loaded 2 times (x 72B)
Class io.opentelemetry.context.ContextStorageWrappers                                 : loaded 2 times (x 73B)
Class io.opentelemetry.context.propagation.DefaultContextPropagators                  : loaded 2 times (x 77B)
Class org.jetbrains.plugins.gradle.model.IntelliJSettings                             : loaded 2 times (x 72B)
Class kotlin.Result                                                                   : loaded 2 times (x 74B)
Class org.gradle.internal.service.ServiceLocator                                      : loaded 2 times (x 72B)
Class com.google.common.reflect.TypeCapture                                           : loaded 2 times (x 73B)
Class org.apache.commons.io.FileExistsException                                       : loaded 2 times (x 84B)
Class com.google.common.base.Ascii                                                    : loaded 2 times (x 73B)
Class com.google.common.collect.SingletonImmutableBiMap                               : loaded 2 times (x 145B)
Class org.gradle.tooling.internal.adapter.TargetTypeProvider                          : loaded 2 times (x 72B)
Class com.google.common.cache.LocalCache$1                                            : loaded 2 times (x 91B)
Class com.google.gson.internal.bind.TypeAdapterRuntimeTypeWrapper                     : loaded 2 times (x 76B)
Class com.google.common.collect.AbstractMapEntry                                      : loaded 2 times (x 83B)
Class jdk.internal.jrtfs.JrtFileSystemProvider                                        : loaded 2 times (x 103B)
Class com.amazon.ion.impl.IonWriterSystem                                             : loaded 2 times (x 172B)
Class com.amazon.ion.impl.bin.Symbols$2                                               : loaded 2 times (x 109B)
Class com.amazon.ion.impl.bin._Private_IonManagedWriter                               : loaded 2 times (x 72B)
Class com.android.ide.gradle.model.GradlePropertiesModel                              : loaded 2 times (x 72B)
Class kotlin.sequences.TransformingSequence$iterator$1                                : loaded 2 times (x 81B)
Class kotlin.Pair                                                                     : loaded 2 times (x 74B)
Class org.gradle.tooling.internal.adapter.ProtocolToModelAdapter$SupportedPropertyInvoker: loaded 2 times (x 78B)
Class org.gradle.tooling.model.UnsupportedMethodException                             : loaded 2 times (x 84B)
Class com.google.common.collect.AbstractSetMultimap                                   : loaded 2 times (x 175B)
Class com.google.common.collect.MapMakerInternalMap$AbstractStrongKeyEntry            : loaded 2 times (x 82B)
Class com.google.common.reflect.TypeToken$SimpleTypeToken                             : loaded 2 times (x 75B)
Class com.android.builder.model.v2.ide.BytecodeTransformation                         : loaded 2 times (x 81B)
Class com.google.common.collect.Sets$ImprovedAbstractSet                              : loaded 2 times (x 137B)
Class kotlin.ranges.IntProgression$Companion                                          : loaded 2 times (x 73B)
Class com.google.common.collect.AbstractMultimap                                      : loaded 2 times (x 125B)
Class com.google.common.cache.LocalCache$2                                            : loaded 2 times (x 144B)
Class com.amazon.ion.impl.lite.IonContainerLite                                       : loaded 2 times (x 250B)
Class com.amazon.ion.IonBufferConfiguration$OversizedSymbolTableHandler               : loaded 2 times (x 72B)
Class com.amazon.ion.system.IonWriterBuilder                                          : loaded 2 times (x 76B)
Class org.jetbrains.plugins.gradle.tooling.serialization.ToolingStreamApiUtils        : loaded 2 times (x 73B)
Class com.amazon.ion.facet.Faceted                                                    : loaded 2 times (x 72B)
Class kotlin.collections.CollectionsKt__MutableCollectionsKt                          : loaded 2 times (x 73B)
Class com.android.builder.model.v2.ide.CodeShrinker                                   : loaded 2 times (x 81B)
Class org.jetbrains.plugins.gradle.model.GradleExtensions                             : loaded 2 times (x 72B)
Class com.google.gson.internal.bind.MapTypeAdapterFactory$Adapter                     : loaded 2 times (x 76B)
Class com.google.gson.internal.sql.SqlTimeTypeAdapter$1                               : loaded 2 times (x 77B)
Class com.amazon.ion.impl.bin.utf8.Poolable                                           : loaded 2 times (x 81B)
Class com.amazon.ion.IonSymbol                                                        : loaded 2 times (x 72B)
Class io.opentelemetry.api.trace.SpanContext                                          : loaded 2 times (x 72B)
Class io.opentelemetry.api.trace.DefaultTracer$NoopSpanBuilder                        : loaded 2 times (x 93B)
Class org.jetbrains.plugins.gradle.tooling.serialization.AnnotationProcessingModelSerializationService$WriteContext: loaded 2 times (x 74B)
Class kotlin.io.TerminateException                                                    : loaded 2 times (x 84B)
Class kotlin.io.FilesKt__FilePathComponentsKt                                         : loaded 2 times (x 73B)
Class com.google.common.collect.ImmutableRangeSet$1                                   : loaded 2 times (x 212B)
Class kotlin.reflect.KCallable                                                        : loaded 2 times (x 72B)
Class org.jetbrains.kotlin.cli.common.messages.MessageCollector$Companion             : loaded 2 times (x 73B)
Class com.google.common.base.Optional                                                 : loaded 2 times (x 82B)
Class com.google.common.util.concurrent.AbstractFuture$Trusted                        : loaded 2 times (x 72B)
Class org.jetbrains.plugins.gradle.model.AnnotationProcessingModel                    : loaded 2 times (x 72B)
Class org.jetbrains.kotlin.idea.gradleTooling.KotlinGradlePluginVersion               : loaded 2 times (x 72B)
Class com.intellij.compose.ide.plugin.gradleTooling.rt.ComposeResourcesModel          : loaded 2 times (x 72B)
Class com.intellij.gradle.toolingExtension.impl.util.collectionUtil.GradleCollections : loaded 2 times (x 73B)
Class com.amazon.ion.impl.lite.IonStructLite                                          : loaded 2 times (x 300B)
Class com.amazon.ion.impl._Private_ReaderWriter                                       : loaded 2 times (x 72B)
Class com.amazon.ion.impl.bin.AbstractSymbolTable                                     : loaded 2 times (x 109B)
Class com.amazon.ion.Decimal                                                          : loaded 2 times (x 136B)
Class com.amazon.ion.impl.bin._Private_IonManagedBinaryWriterBuilder$AllocatorMode$1  : loaded 2 times (x 82B)
Class org.jetbrains.plugins.gradle.tooling.serialization.ProjectDependenciesSerializationService$WriteContext: loaded 2 times (x 74B)
Class org.jetbrains.plugins.gradle.tooling.serialization.ProjectDependenciesSerializationService: loaded 2 times (x 79B)
Class kotlin.collections.AbstractIterator                                             : loaded 2 times (x 85B)
Class kotlin.text.CharsKt                                                             : loaded 2 times (x 73B)
Class com.google.common.collect.Range                                                 : loaded 2 times (x 88B)
Class org.gradle.tooling.model.kotlin.dsl.KotlinDslScriptModel                        : loaded 2 times (x 72B)
Class org.gradle.tooling.internal.adapter.CollectionMapper                            : loaded 2 times (x 75B)
Class com.google.common.io.ByteSink$AsCharSink                                        : loaded 2 times (x 82B)
Class org.jetbrains.kotlin.tooling.core.KotlinToolingVersion                          : loaded 2 times (x 77B)
Class [Lcom.android.builder.model.v2.ide.LibraryType;                                 : loaded 2 times (x 71B)
Class com.android.builder.model.v2.ide.LibraryType                                    : loaded 2 times (x 81B)
Class io.opentelemetry.context.ContextStorageProvider                                 : loaded 2 times (x 72B)
Class com.google.common.util.concurrent.UncheckedExecutionException                   : loaded 2 times (x 84B)
Class com.google.gson.internal.bind.DefaultDateTypeAdapter$DateType                   : loaded 2 times (x 75B)
Class org.gradle.kotlin.dsl.VersionCatalogAccessorsKt                                 : loaded 2 times (x 73B)
Class jdk.internal.jimage.ImageLocation                                               : loaded 2 times (x 92B)
Class com.amazon.ion.impl.lite.IonFloatLite                                           : loaded 2 times (x 189B)
Class com.amazon.ion.impl._Private_IonTextWriterBuilder                               : loaded 2 times (x 103B)
Class com.amazon.ion.impl.bin._Private_IonManagedBinaryWriterBuilder$AllocatorMode$2  : loaded 2 times (x 82B)
Class io.opentelemetry.api.trace.DefaultTracerProvider                                : loaded 2 times (x 81B)
Class com.google.common.collect.ExplicitOrdering                                      : loaded 2 times (x 117B)
Class com.google.gson.internal.bind.ReflectiveTypeAdapterFactory$1                    : loaded 2 times (x 76B)
Class org.jetbrains.plugins.gradle.ExternalDependencyId                               : loaded 2 times (x 72B)
Class com.amazon.ion.impl._Private_IonReaderBuilder                                   : loaded 2 times (x 99B)
Class com.amazon.ion.IonMutableCatalog                                                : loaded 2 times (x 72B)
Class gnu.trove.THash                                                                 : loaded 2 times (x 83B)
Class com.intellij.gradle.toolingExtension.impl.model.buildScriptClasspathModel.GradleBuildScriptClasspathSerializationService$WriteContext: loaded 2 times (x 74B)
Class org.gradle.tooling.internal.adapter.ProtocolToModelAdapter                      : loaded 2 times (x 82B)
Class com.google.common.collect.HashMultimapGwtSerializationDependencies              : loaded 2 times (x 175B)
Class com.android.builder.model.v2.ide.AndroidGradlePluginProjectFlags$BooleanFlag    : loaded 2 times (x 81B)
Class com.google.common.collect.AbstractMapBasedMultimap$KeySet$1                     : loaded 2 times (x 84B)
Class org.objectweb.asm.ClassWriter                                                   : loaded 2 times (x 107B)
Class com.android.ide.common.gradle.Separator                                         : loaded 2 times (x 81B)
Class com.google.common.cache.CacheLoader$UnsupportedLoadingOperationException        : loaded 2 times (x 84B)
Class com.amazon.ion.system.IonBinaryWriterBuilder                                    : loaded 2 times (x 101B)
Class com.google.gson.internal.bind.ReflectiveTypeAdapterFactory$2                    : loaded 2 times (x 80B)
Class jdk.internal.jimage.ImageBufferCache$1                                          : loaded 2 times (x 84B)
Class [Lio.opentelemetry.context.ThreadLocalContextStorage$NoopScope;                 : loaded 2 times (x 71B)
Class io.opentelemetry.context.ThreadLocalContextStorage$NoopScope                    : loaded 2 times (x 87B)
Class kotlin.collections.MapsKt__MapsJVMKt                                            : loaded 2 times (x 73B)
Class kotlin.collections.EmptyList                                                    : loaded 2 times (x 176B)
Class org.gradle.internal.time.DefaultTimer                                           : loaded 2 times (x 82B)
Class com.amazon.ion.impl.bin.IonManagedBinaryWriter$UserState$4                      : loaded 2 times (x 87B)
Class org.objectweb.asm.FieldVisitor                                                  : loaded 2 times (x 79B)
Class com.google.gson.ToNumberStrategy                                                : loaded 2 times (x 72B)
Class com.google.gson.TypeAdapter                                                     : loaded 2 times (x 75B)
Class com.google.common.collect.IndexedImmutableSet                                   : loaded 2 times (x 154B)
Class com.google.common.collect.ImmutableMap$1                                        : loaded 2 times (x 83B)
Class com.google.common.collect.BiMap                                                 : loaded 2 times (x 72B)
Class jdk.internal.jimage.ImageBufferCache$2                                          : loaded 2 times (x 93B)
Class com.amazon.ion.impl.bin.PooledBlockAllocatorProvider$PooledBlockAllocator$1     : loaded 2 times (x 81B)
Class com.amazon.ion.impl.lite.IonStringLite                                          : loaded 2 times (x 215B)
Class io.opentelemetry.context.ImplicitContextKeyed                                   : loaded 2 times (x 72B)
Class org.gradle.tooling.internal.adapter.ProtocolToModelAdapter$ViewKey              : loaded 2 times (x 74B)
Class org.gradle.api.internal.classpath.DefaultModuleRegistry$DefaultModule           : loaded 2 times (x 84B)
Class com.google.common.reflect.Reflection                                            : loaded 2 times (x 73B)
Class com.android.builder.model.v2.CustomSourceDirectory                              : loaded 2 times (x 72B)
Class com.google.common.primitives.Ints                                               : loaded 2 times (x 73B)
Class org.jetbrains.plugins.gradle.model.UnresolvedExternalDependency                 : loaded 2 times (x 72B)
Class com.android.ide.common.repository.AgpVersion                                    : loaded 2 times (x 77B)
Class com.amazon.ion.impl.bin.Block                                                   : loaded 2 times (x 81B)
Class io.opentelemetry.context.DefaultContextKey                                      : loaded 2 times (x 74B)
Class com.google.common.collect.NullsFirstOrdering                                    : loaded 2 times (x 117B)
Class kotlin.jvm.internal.KotlinGenericDeclaration                                    : loaded 2 times (x 72B)
Class kotlin.ResultKt                                                                 : loaded 2 times (x 73B)
Class org.gradle.tooling.internal.adapter.ProtocolToModelAdapter$PropertyCachingMethodInvoker: loaded 2 times (x 78B)
Class ijJvmDebugger2_asaq43r3106u8hgcl9dnuytj4$_run_closure1$_closure2                : loaded 2 times (x 141B)
Class com.android.builder.model.v2.models.ProjectSyncIssues                           : loaded 2 times (x 72B)
Class com.google.common.collect.ObjectArrays                                          : loaded 2 times (x 73B)
Class com.google.common.math.MathPreconditions                                        : loaded 2 times (x 73B)
Class com.google.common.collect.Multiset                                              : loaded 2 times (x 72B)
Class com.google.common.collect.ArrayListMultimapGwtSerializationDependencies         : loaded 2 times (x 173B)
Class com.google.common.collect.ImmutableMap$MapViewOfValuesAsSingletonSets           : loaded 2 times (x 128B)
Class com.intellij.openapi.externalSystem.model.ExternalSystemException               : loaded 2 times (x 87B)
Class org.jetbrains.plugins.gradle.model.ExternalTask                                 : loaded 2 times (x 72B)
Class com.amazon.ion.impl.bin.utf8.Utf8StringEncoderPool$1                            : loaded 2 times (x 78B)
Class com.amazon.ion.impl.lite.IonLoaderLite                                          : loaded 2 times (x 84B)
Class com.amazon.ion.impl.lite.IonContext                                             : loaded 2 times (x 72B)
Class com.amazon.ion.impl.IonWriterSystemText                                         : loaded 2 times (x 191B)
Class [Lcom.amazon.ion.impl.bin.IonManagedBinaryWriter$ImportedSymbolResolverMode;    : loaded 2 times (x 71B)
Class com.amazon.ion.ValueFactory                                                     : loaded 2 times (x 72B)
Class io.opentelemetry.api.internal.IncubatingUtil                                    : loaded 2 times (x 73B)
Class io.opentelemetry.api.GlobalOpenTelemetry$ObfuscatedOpenTelemetry                : loaded 2 times (x 94B)
Class kotlin.collections.ArraysKt__ArraysKt                                           : loaded 2 times (x 73B)
Class kotlin.Result$Failure                                                           : loaded 2 times (x 74B)
Class org.gradle.internal.time.DefaultCountdownTimer                                  : loaded 2 times (x 90B)
Class org.apache.commons.io.output.NullOutputStream                                   : loaded 2 times (x 87B)
Class com.google.gson.internal.ObjectConstructor                                      : loaded 2 times (x 72B)
Class com.google.common.collect.ImmutableMapEntrySet                                  : loaded 2 times (x 154B)
Class com.amazon.ion.impl.bin.IonManagedBinaryWriter$SymbolResolver                   : loaded 2 times (x 72B)
Class com.amazon.ion.impl._Private_SymbolToken                                        : loaded 2 times (x 72B)
Class com.amazon.ion.impl.bin._Private_IonManagedBinaryWriterBuilder$AllocatorMode    : loaded 2 times (x 82B)
Class org.jetbrains.plugins.gradle.model.GradleTaskModel                              : loaded 2 times (x 72B)
Class org.jetbrains.plugins.gradle.tooling.util.ObjectCollector                       : loaded 2 times (x 74B)
Class kotlin.collections.SetsKt__SetsJVMKt                                            : loaded 2 times (x 73B)
Class kotlin.Function                                                                 : loaded 2 times (x 72B)
Class org.gradle.tooling.internal.adapter.ProtocolToModelAdapter$AdaptingMethodInvoker: loaded 2 times (x 78B)
Class org.gradle.tooling.internal.gradle.DefaultBuildIdentifier                       : loaded 2 times (x 81B)
Class org.gradle.api.internal.classpath.Module                                        : loaded 2 times (x 72B)
Class com.google.common.cache.Weigher                                                 : loaded 2 times (x 72B)
Class kotlinx.coroutines.flow.Flow                                                    : loaded 2 times (x 72B)
Class [Lcom.amazon.ion.util.GzipStreamInterceptor;                                    : loaded 2 times (x 71B)
Class com.amazon.ion.impl._Private_IonReaderBuilder$Mutable                           : loaded 2 times (x 99B)
Class com.intellij.openapi.externalSystem.model.project.IExternalSystemSourceType     : loaded 2 times (x 72B)
Class kotlin.io.FileAlreadyExistsException                                            : loaded 2 times (x 84B)
Class kotlin.internal.ProgressionUtilKt                                               : loaded 2 times (x 73B)
Class org.gradle.api.internal.classpath.UnknownModuleException                        : loaded 2 times (x 84B)
Class ijKotlinCoroutineJvmDebugInit2_3rswz7e4imtfwrfip81ukjtan$_run_closure1          : loaded 2 times (x 140B)
Class com.google.common.base.Stopwatch                                                : loaded 2 times (x 74B)
Class com.google.common.cache.LocalCache$Strength                                     : loaded 2 times (x 83B)
Class com.google.common.cache.Cache                                                   : loaded 2 times (x 72B)
Class jdk.internal.jimage.ImageHeader                                                 : loaded 2 times (x 73B)
Class io.opentelemetry.api.trace.TraceStateBuilder                                    : loaded 2 times (x 72B)
Class com.intellij.openapi.externalSystem.model.project.dependencies.ProjectDependencies: loaded 2 times (x 72B)
Class org.jetbrains.plugins.gradle.tooling.serialization.ProjectDependenciesSerializationService$ReadContext: loaded 2 times (x 74B)
Class kotlin.sequences.DistinctIterator                                               : loaded 2 times (x 85B)
Class com.google.common.io.AppendableWriter                                           : loaded 2 times (x 101B)
Class org.apache.commons.io.filefilter.IOFileFilter                                   : loaded 2 times (x 72B)
Class com.google.common.base.NullnessCasts                                            : loaded 2 times (x 73B)
Class com.google.common.util.concurrent.AbstractFuture$Cancellation                   : loaded 2 times (x 74B)
Class com.google.common.collect.ImmutableMap$Builder                                  : loaded 2 times (x 84B)
Class com.google.common.base.Present                                                  : loaded 2 times (x 83B)
Class com.google.common.collect.AbstractMapBasedMultimap$WrappedCollection$WrappedIterator: loaded 2 times (x 86B)
Class com.google.common.collect.AbstractMapBasedMultimap$AsMap$AsMapIterator          : loaded 2 times (x 85B)
Class com.google.common.cache.RemovalListener                                         : loaded 2 times (x 72B)
Class [Lcom.google.gson.ToNumberPolicy;                                               : loaded 2 times (x 71B)
Class com.google.gson.ToNumberPolicy                                                  : loaded 2 times (x 85B)
Class com.amazon.ion.IonBufferConfiguration                                           : loaded 2 times (x 74B)
Class com.amazon.ion.impl.bin.Symbols                                                 : loaded 2 times (x 73B)
Class org.jetbrains.plugins.gradle.tooling.serialization.RepositoriesModelSerializationService: loaded 2 times (x 84B)
Class com.android.ide.gradle.model.artifacts.AdditionalClassifierArtifactsModel       : loaded 2 times (x 72B)
Class org.gradle.tooling.internal.gradle.GradleProjectIdentity                        : loaded 2 times (x 72B)
Class org.gradle.api.internal.DefaultClassPathRegistry                                : loaded 2 times (x 78B)
Class org.jetbrains.kotlin.cli.common.messages.MessageCollector                       : loaded 2 times (x 72B)
Class org.apache.commons.io.file.DeleteOption                                         : loaded 2 times (x 72B)
Class com.google.common.reflect.Invokable$ConstructorInvokable                        : loaded 2 times (x 109B)
Class com.google.common.collect.ImmutableMultimap$Keys                                : loaded 2 times (x 168B)
Class com.android.builder.model.v2.ide.JavaArtifact                                   : loaded 2 times (x 72B)
Class com.google.common.primitives.IntsMethodsForWeb                                  : loaded 2 times (x 73B)
Class com.google.common.collect.RegularImmutableMap                                   : loaded 2 times (x 122B)
Class [Lcom.amazon.ion.impl.bin.AbstractIonWriter$WriteValueOptimization;             : loaded 2 times (x 71B)
Class io.opentelemetry.api.internal.AutoValue_ImmutableSpanContext                    : loaded 2 times (x 94B)
Class org.jetbrains.plugins.gradle.tooling.serialization.RepositoriesModelSerializationService$ReadContext: loaded 2 times (x 74B)
Class kotlin.ranges.ClosedRange                                                       : loaded 2 times (x 72B)
Class org.gradle.internal.classpath.DefaultClassPath$ImmutableUniqueList              : loaded 2 times (x 201B)
Class org.gradle.api.internal.ClassPathRegistry                                       : loaded 2 times (x 72B)
Class com.google.gson.stream.MalformedJsonException                                   : loaded 2 times (x 84B)
Class com.google.common.collect.MapMakerInternalMap$Segment                           : loaded 2 times (x 143B)
Class org.apache.commons.io.IOUtils                                                   : loaded 2 times (x 73B)
Class com.google.common.reflect.TypeToken                                             : loaded 2 times (x 75B)
Class jdk.internal.jimage.decompressor.ResourceDecompressor                           : loaded 2 times (x 72B)
Class com.amazon.ion.impl.bin.IonManagedBinaryWriter$UserState                        : loaded 2 times (x 87B)
Class com.amazon.ion.impl._Private_IonWriter                                          : loaded 2 times (x 72B)
Class com.amazon.ion.impl.bin._Private_IonManagedBinaryWriterBuilder                  : loaded 2 times (x 74B)
Class com.intellij.gradle.toolingExtension.impl.model.projectModel.GradleExternalProjectSerializationService$WriteContext: loaded 2 times (x 75B)
Class kotlin.text.StringsKt__StringsJVMKt                                             : loaded 2 times (x 73B)
Class kotlin.collections.IntIterator                                                  : loaded 2 times (x 84B)
Class com.google.common.collect.NullnessCasts                                         : loaded 2 times (x 73B)
Class com.android.builder.model.v2.ide.AndroidArtifact                                : loaded 2 times (x 72B)
Class com.google.common.io.ByteSink                                                   : loaded 2 times (x 78B)
Class org.jetbrains.kotlin.cli.common.arguments.K2JVMCompilerArgumentsConfigurator    : loaded 2 times (x 76B)
Class com.android.builder.model.v2.dsl.SigningConfig                                  : loaded 2 times (x 72B)
Class com.android.builder.model.v2.models.AndroidProject                              : loaded 2 times (x 72B)
Class com.android.builder.model.v2.AndroidModel                                       : loaded 2 times (x 72B)
Class org.gradle.tooling.internal.adapter.ProtocolToModelAdapter$InvocationHandlerImpl: loaded 2 times (x 79B)
Class com.google.common.cache.CacheBuilder                                            : loaded 2 times (x 74B)
Class com.google.gson.internal.bind.ArrayTypeAdapter$1                                : loaded 2 times (x 77B)
Class com.google.gson.internal.bind.JsonTreeWriter                                    : loaded 2 times (x 100B)
Class Settings_gradle$1                                                               : loaded 2 times (x 76B)
Class [Lcom.amazon.ion.SymbolToken;                                                   : loaded 2 times (x 71B)
Class io.opentelemetry.api.trace.ImmutableTraceFlags                                  : loaded 2 times (x 79B)
Class kotlin.text.StringsKt__IndentKt                                                 : loaded 2 times (x 73B)
Class kotlin.collections.SetsKt                                                       : loaded 2 times (x 73B)
Class org.gradle.internal.classpath.ClassPath                                         : loaded 2 times (x 72B)
Class com.google.common.collect.Interners$InternerBuilder                             : loaded 2 times (x 78B)
Class [Lcom.google.common.reflect.Types$JavaVersion;                                  : loaded 2 times (x 71B)
Class com.google.common.io.Files$FileByteSource                                       : loaded 2 times (x 87B)
Class com.google.common.base.JdkPattern                                               : loaded 2 times (x 77B)
Class org.gradle.tooling.model.build.GradleEnvironment                                : loaded 2 times (x 72B)
Class org.jetbrains.plugins.gradle.model.ExternalProjectDependency                    : loaded 2 times (x 72B)
Class org.jetbrains.plugins.gradle.tooling.serialization.KotlinDslScriptsModelSerializationService: loaded 2 times (x 83B)
Class kotlin.reflect.KFunction                                                        : loaded 2 times (x 72B)
Class kotlin.collections.ArrayDeque                                                   : loaded 2 times (x 209B)
Class com.google.common.io.CharStreams$NullWriter                                     : loaded 2 times (x 101B)
Class com.google.errorprone.annotations.DoNotMock                                     : loaded 2 times (x 72B)
Class org.jetbrains.kotlin.cli.common.arguments.Freezable                             : loaded 2 times (x 74B)
Class org.objectweb.asm.SymbolTable$Entry                                             : loaded 2 times (x 75B)
Class com.amazon.ion.system.IonSystemBuilder$Mutable                                  : loaded 2 times (x 77B)
Class com.amazon.ion.impl.bin.IonManagedBinaryWriter$SymbolResolverBuilder            : loaded 2 times (x 72B)
Class org.jetbrains.kotlin.idea.gradleTooling.KotlinGradleModel                       : loaded 2 times (x 72B)
Class [Lio.opentelemetry.api.trace.TraceFlags;                                        : loaded 2 times (x 71B)
Class [Lio.opentelemetry.context.ContextStorage;                                      : loaded 2 times (x 71B)
Class com.intellij.platform.diagnostic.telemetry.rt.context.TelemetryContext          : loaded 2 times (x 135B)
Class org.jetbrains.plugins.gradle.tooling.serialization.ExternalTestsSerializationService$WriteContext: loaded 2 times (x 74B)
Class kotlin.collections.MapsKt__MapsKt                                               : loaded 2 times (x 73B)
Class org.gradle.api.internal.classpath.DefaultModuleRegistry$DefaultModuleAlias      : loaded 2 times (x 82B)
Class com.android.builder.model.v2.ide.Variant                                        : loaded 2 times (x 72B)
Class org.objectweb.asm.Edge                                                          : loaded 2 times (x 74B)
Class org.jetbrains.plugins.gradle.tooling.util.IntObjectMap$ObjectFactory            : loaded 2 times (x 72B)
Class com.google.common.base.Suppliers$SupplierOfInstance                             : loaded 2 times (x 81B)
Class com.google.gson.internal.bind.ReflectiveTypeAdapterFactory                      : loaded 2 times (x 77B)
Class com.google.gson.internal.sql.SqlTimestampTypeAdapter                            : loaded 2 times (x 78B)
Class jdk.internal.jimage.ImageStringsReader                                          : loaded 2 times (x 82B)
Class com.amazon.ion.impl.bin.IonManagedBinaryWriter$LocalSymbolTableView             : loaded 2 times (x 121B)
Class com.amazon.ion.impl.bin.IonRawBinaryWriter$ThrowingRunnable                     : loaded 2 times (x 72B)
Class io.opentelemetry.context.ThreadLocalContextStorage                              : loaded 2 times (x 87B)
Class org.gradle.tooling.model.Model                                                  : loaded 2 times (x 72B)
Class com.google.common.reflect.TypeToken$1                                           : loaded 2 times (x 112B)
Class com.android.builder.model.v2.ide.SyncIssue                                      : loaded 2 times (x 72B)
Class [Lio.opentelemetry.api.trace.ImmutableTraceFlags;                               : loaded 2 times (x 71B)
Class com.google.common.cache.LocalCache$ComputingValueReference                      : loaded 2 times (x 98B)
Class com.google.gson.internal.sql.SqlDateTypeAdapter$1                               : loaded 2 times (x 77B)
Class com.google.common.collect.ImmutableMap$IteratorBasedImmutableMap                : loaded 2 times (x 128B)
Class com.amazon.ion.UnknownSymbolException                                           : loaded 2 times (x 87B)
Class com.android.ide.gradle.model.composites.BuildMap                                : loaded 2 times (x 72B)
Class kotlin.text.MatchResult$Destructured                                            : loaded 2 times (x 74B)
Class kotlin.Metadata                                                                 : loaded 2 times (x 72B)
Class kotlin.UninitializedPropertyAccessException                                     : loaded 2 times (x 84B)
Class [Lorg.jetbrains.kotlin.cli.common.messages.CompilerMessageSeverity;             : loaded 2 times (x 71B)
Class com.google.common.reflect.TypeToken$2                                           : loaded 2 times (x 112B)
Class com.google.common.collect.AbstractMapBasedMultimap$AsMap$AsMapEntries           : loaded 2 times (x 140B)
Class com.android.builder.model.v2.ide.Library                                        : loaded 2 times (x 72B)
Class com.android.builder.model.v2.ide.ArtifactDependenciesAdjacencyList              : loaded 2 times (x 72B)
Class com.android.builder.model.v2.models.Versions                                    : loaded 2 times (x 72B)
Class com.google.common.cache.LocalCache$Segment                                      : loaded 2 times (x 155B)
Class kotlinx.coroutines.flow.MutableSharedFlow                                       : loaded 2 times (x 72B)
Class jdk.internal.jimage.ImageReader                                                 : loaded 2 times (x 77B)
Class io.opentelemetry.context.Context                                                : loaded 2 times (x 72B)
Class org.jetbrains.plugins.gradle.model.IntelliJProjectSettings                      : loaded 2 times (x 72B)
Class org.gradle.tooling.internal.adapter.ProtocolToModelAdapter$MethodInvocationCache: loaded 2 times (x 75B)
Class com.android.builder.model.v2.models.ndk.NativeModule                            : loaded 2 times (x 72B)
Class com.google.common.collect.AbstractListMultimap                                  : loaded 2 times (x 173B)
Class [Lorg.objectweb.asm.SymbolTable$Entry;                                          : loaded 2 times (x 71B)
Class com.amazon.ion.IonException                                                     : loaded 2 times (x 86B)
Class com.google.common.cache.CacheLoader                                             : loaded 2 times (x 76B)
Class com.google.gson.internal.bind.ReflectiveTypeAdapterFactory$Adapter              : loaded 2 times (x 79B)
Class com.google.gson.internal.bind.TypeAdapters$10                                   : loaded 2 times (x 77B)
Class com.google.common.collect.ImmutableBiMap                                        : loaded 2 times (x 145B)
Class jdk.internal.jimage.ImageReader$SharedImageReader                               : loaded 2 times (x 97B)
Class org.jetbrains.plugins.gradle.model.ExternalDependency                           : loaded 2 times (x 72B)
Class com.intellij.util.containers.IntObjectHashMap                                   : loaded 2 times (x 74B)
Class com.google.common.collect.SortedIterable                                        : loaded 2 times (x 72B)
Class org.gradle.api.internal.classpath.ModuleRegistry                                : loaded 2 times (x 72B)
Class org.gradle.internal.installation.GradleInstallation$1                           : loaded 2 times (x 77B)
Class org.apache.commons.io.output.NullWriter                                         : loaded 2 times (x 101B)
Class com.google.common.base.Splitter$SplittingIterator                               : loaded 2 times (x 85B)
Class com.google.common.collect.ImmutableSet$JdkBackedSetBuilderImpl                  : loaded 2 times (x 78B)
Class com.google.common.util.concurrent.internal.InternalFutureFailureAccess          : loaded 2 times (x 74B)
Class com.amazon.ion.util.GzipStreamInterceptor                                       : loaded 2 times (x 87B)
Class com.google.gson.internal.bind.TypeAdapters$11                                   : loaded 2 times (x 77B)
Class [Lcom.google.gson.FieldNamingPolicy;                                            : loaded 2 times (x 71B)
Class com.android.ide.common.repository.AgpVersion$PreviewKind$Companion              : loaded 2 times (x 73B)
Class jdk.internal.jimage.decompressor.ResourceDecompressorFactory                    : loaded 2 times (x 76B)
Class com.amazon.ion.impl.bin.IonManagedBinaryWriter$SymbolState$1                    : loaded 2 times (x 82B)
Class com.amazon.ion.impl.LocalSymbolTableAsStruct$Factory                            : loaded 2 times (x 81B)
Class [Lcom.amazon.ion.IonType;                                                       : loaded 2 times (x 71B)
Class org.jetbrains.plugins.gradle.model.VersionCatalogsModel                         : loaded 2 times (x 72B)
Class com.intellij.gradle.toolingExtension.impl.model.sourceSetDependencyModel.GradleSourceSetDependencySerialisationService$SourceSetDependencyModelReadContext: loaded 2 times (x 74B)
Class com.intellij.gradle.toolingExtension.impl.model.dependencyModel.DependencyReadContext: loaded 2 times (x 74B)
Class org.gradle.tooling.internal.adapter.ObjectGraphAdapter                          : loaded 2 times (x 72B)
Class com.google.common.collect.ImmutableMultimap$Values                              : loaded 2 times (x 128B)
Class com.android.builder.model.v2.ide.Installation                                   : loaded 2 times (x 72B)
Class com.google.common.cache.LocalCache$LocalManualCache$1                           : loaded 2 times (x 77B)
Class com.amazon.ion.impl.bin.IonManagedBinaryWriter$UserState$3                      : loaded 2 times (x 87B)
Class com.google.gson.internal.bind.TypeAdapters$12                                   : loaded 2 times (x 77B)
Class [Lcom.google.gson.ToNumberStrategy;                                             : loaded 2 times (x 71B)
Class org.jetbrains.plugins.gradle.model.ProjectImportModelProvider                   : loaded 2 times (x 72B)
Class org.jetbrains.plugins.gradle.model.ExternalSourceSet                            : loaded 2 times (x 72B)
Class com.amazon.ion.impl.bin.IonManagedBinaryWriter$SymbolState$2                    : loaded 2 times (x 82B)
Class com.amazon.ion.IonNull                                                          : loaded 2 times (x 72B)
Class com.intellij.gradle.toolingExtension.impl.model.warmUp.GradleTaskWarmUpRequest  : loaded 2 times (x 72B)
Class com.google.common.collect.ImmutableSortedAsList                                 : loaded 2 times (x 223B)
Class kotlin.text.RegexKt                                                             : loaded 2 times (x 73B)
Class kotlin.coroutines.intrinsics.IntrinsicsKt__IntrinsicsKt                         : loaded 2 times (x 73B)
Class com.android.builder.model.v2.models.ModelBuilderParameter                       : loaded 2 times (x 72B)
Class com.google.gson.JsonObject                                                      : loaded 2 times (x 95B)
Class com.google.gson.internal.bind.TypeAdapters$13                                   : loaded 2 times (x 77B)
Class kotlinx.coroutines.flow.CancellableFlow                                         : loaded 2 times (x 72B)
Class jdk.internal.jimage.ImageReader$Node                                            : loaded 2 times (x 86B)
Class com.amazon.ion.impl.bin.IonRawBinaryWriter$ContainerInfo                        : loaded 2 times (x 76B)
Class com.amazon.ion.impl.bin.IonManagedBinaryWriter$SymbolState$3                    : loaded 2 times (x 82B)
Class com.amazon.ion.impl.bin.IonRawBinaryWriter$StreamFlushMode                      : loaded 2 times (x 81B)
Class com.amazon.ion.IonBinaryWriter                                                  : loaded 2 times (x 72B)
Class com.intellij.gradle.toolingExtension.impl.model.sourceSetArtifactIndex.GradleSourceSetArtifactBuildRequest: loaded 2 times (x 72B)
Class kotlin.io.FilesKt__UtilsKt                                                      : loaded 2 times (x 73B)
Class com.google.common.collect.Lists$TransformingRandomAccessList                    : loaded 2 times (x 201B)
Class kotlin.collections.CollectionsKt__CollectionsJVMKt                              : loaded 2 times (x 73B)
Class org.gradle.tooling.model.idea.BasicIdeaProject                                  : loaded 2 times (x 72B)
Class org.gradle.api.internal.classpath.DefaultModuleRegistry                         : loaded 2 times (x 86B)
Class kotlinx.coroutines.flow.internal.AbstractSharedFlow                             : loaded 2 times (x 76B)
Class com.google.common.util.concurrent.ListenableFuture                              : loaded 2 times (x 72B)
Class com.google.common.cache.ReferenceEntry                                          : loaded 2 times (x 72B)
Class com.google.gson.internal.bind.NumberTypeAdapter$1                               : loaded 2 times (x 78B)
Class com.google.gson.internal.bind.TypeAdapters$1                                    : loaded 2 times (x 77B)
Class com.google.gson.internal.bind.TypeAdapters$14                                   : loaded 2 times (x 77B)
Class com.google.common.base.Converter                                                : loaded 2 times (x 92B)
Class com.google.common.util.concurrent.ExecutionError                                : loaded 2 times (x 84B)
Class jdk.internal.jimage.BasicImageReader$1                                          : loaded 2 times (x 79B)
Class com.amazon.ion.impl.bin.IonManagedBinaryWriter$SymbolState$4                    : loaded 2 times (x 82B)
Class [Lcom.amazon.ion.util.InputStreamInterceptor;                                   : loaded 2 times (x 71B)
Class org.jetbrains.plugins.gradle.tooling.serialization.internal.IdeaProjectSerializationService$WriteContext$1: loaded 2 times (x 85B)
Class org.jetbrains.plugins.gradle.model.ExternalProject                              : loaded 2 times (x 72B)
Class kotlin.sequences.SequencesKt                                                    : loaded 2 times (x 73B)
Class kotlin.collections.CollectionsKt__IteratorsKt                                   : loaded 2 times (x 73B)
Class [Lcom.android.builder.model.v2.ide.CodeShrinker;                                : loaded 2 times (x 71B)
Class com.google.common.collect.AbstractMapBasedMultimap                              : loaded 2 times (x 140B)
Class com.google.common.util.concurrent.AbstractFuture                                : loaded 2 times (x 108B)
Class com.google.common.collect.ImmutableEnumSet                                      : loaded 2 times (x 148B)
Class com.android.builder.model.v2.models.VariantDependenciesAdjacencyList            : loaded 2 times (x 72B)
Class com.google.common.base.FunctionalEquivalence                                    : loaded 2 times (x 85B)
Class com.google.gson.Strictness                                                      : loaded 2 times (x 81B)
Class com.google.gson.internal.sql.SqlTypesSupport$1                                  : loaded 2 times (x 76B)
Class com.google.gson.internal.bind.TypeAdapters$2                                    : loaded 2 times (x 77B)
Class com.google.gson.internal.bind.TypeAdapters$15                                   : loaded 2 times (x 77B)
Class com.amazon.ion.impl.bin.utf8.Pool                                               : loaded 2 times (x 76B)
Class org.jetbrains.plugins.gradle.tooling.serialization.internal.IdeaProjectSerializationService$WriteContext$2: loaded 2 times (x 85B)
Class kotlin.text.StringsKt                                                           : loaded 2 times (x 73B)
Class com.google.common.io.CharStreams                                                : loaded 2 times (x 73B)
Class com.google.common.reflect.TypeResolver$TypeTable                                : loaded 2 times (x 75B)
Class com.google.common.collect.ImmutableMultiset                                     : loaded 2 times (x 165B)
Class org.objectweb.asm.RecordComponentVisitor                                        : loaded 2 times (x 79B)
Class com.google.common.cache.CacheLoader$SupplierToCacheLoader                       : loaded 2 times (x 77B)
Class com.google.gson.internal.sql.SqlTypesSupport$2                                  : loaded 2 times (x 76B)
Class com.google.gson.internal.bind.TypeAdapters$16                                   : loaded 2 times (x 77B)
Class com.google.gson.internal.bind.TypeAdapters$3                                    : loaded 2 times (x 77B)
Class com.amazon.ion.impl._Private_IonSymbol                                          : loaded 2 times (x 72B)
Class com.amazon.ion.impl.lite.IonValueLite                                           : loaded 2 times (x 150B)
Class com.amazon.ion.IonContainer                                                     : loaded 2 times (x 72B)
Class com.amazon.ion.impl.bin.PooledBlockAllocatorProvider                            : loaded 2 times (x 75B)
Class [Lio.opentelemetry.context.Scope;                                               : loaded 2 times (x 71B)
Class org.jetbrains.plugins.gradle.tooling.serialization.AnnotationProcessingModelSerializationService$ReadContext: loaded 2 times (x 74B)
Class org.jetbrains.plugins.gradle.tooling.serialization.internal.IdeaProjectSerializationService$WriteContext$3: loaded 2 times (x 85B)
Class gnu.trove.TObjectHash$NULL                                                      : loaded 2 times (x 73B)
Class org.gradle.util.internal.DefaultGradleVersion$Stage                             : loaded 2 times (x 77B)
Class kotlin.coroutines.jvm.internal.RestrictedContinuationImpl                       : loaded 2 times (x 89B)
Class org.gradle.tooling.model.GradleProject                                          : loaded 2 times (x 72B)
Class org.jetbrains.kotlin.cli.common.CompilerSystemProperties$value$1                : loaded 2 times (x 131B)
Class com.google.common.reflect.TypeResolver$TypeTable$1                              : loaded 2 times (x 75B)
Class com.google.gson.internal.bind.TypeAdapters$17                                   : loaded 2 times (x 77B)
Class com.google.gson.internal.bind.TypeAdapters$4                                    : loaded 2 times (x 77B)
Class com.google.common.collect.Maps$EntryTransformer                                 : loaded 2 times (x 72B)
Class jdk.internal.jimage.decompressor.Decompressor                                   : loaded 2 times (x 74B)
Class org.jetbrains.kotlin.idea.gradleTooling.AndroidAwareGradleModelProvider         : loaded 2 times (x 81B)
Class com.intellij.gradle.toolingExtension.impl.telemetry.GradleOpenTelemetry         : loaded 2 times (x 74B)
Class org.jetbrains.plugins.gradle.tooling.serialization.internal.IdeaProjectSerializationService$WriteContext$4: loaded 2 times (x 85B)
Class com.intellij.gradle.toolingExtension.impl.model.sourceSetDependencyModel.GradleSourceSetDependencySerialisationService$Companion: loaded 2 times (x 73B)
Class [Lkotlin.Pair;                                                                  : loaded 2 times (x 71B)
Class kotlin.text.StringsKt__StringNumberConversionsKt                                : loaded 2 times (x 73B)
Class kotlin.io.FilesKt__FileReadWriteKt                                              : loaded 2 times (x 73B)
Class com.google.common.collect.UsingToStringOrdering                                 : loaded 2 times (x 116B)
Class kotlin.text.MatchNamedGroupCollection                                           : loaded 2 times (x 72B)
Class kotlin.jvm.internal.markers.KMutableList                                        : loaded 2 times (x 72B)
Class org.gradle.internal.time.MonotonicClock                                         : loaded 2 times (x 79B)
Class org.gradle.internal.service.ServiceLookupException                              : loaded 2 times (x 84B)
Class com.google.gson.annotations.JsonAdapter                                         : loaded 2 times (x 72B)
Class com.google.common.collect.Lists$ReverseList                                     : loaded 2 times (x 202B)
Class [Lcom.google.common.cache.LocalCache$EntryFactory;                              : loaded 2 times (x 71B)
Class com.google.gson.internal.bind.SerializationDelegatingTypeAdapter                : loaded 2 times (x 76B)
Class com.google.gson.internal.bind.TypeAdapters$18                                   : loaded 2 times (x 77B)
Class com.google.gson.internal.bind.TypeAdapters$5                                    : loaded 2 times (x 77B)
Class com.amazon.ion.BufferConfiguration$Builder                                      : loaded 2 times (x 80B)
Class com.intellij.gradle.toolingExtension.util.GradleVersionSpecificsUtil            : loaded 2 times (x 73B)
Class io.opentelemetry.context.ContextStorage                                         : loaded 2 times (x 72B)
Class org.jetbrains.plugins.gradle.tooling.serialization.internal.IdeaProjectSerializationService$WriteContext$5: loaded 2 times (x 85B)
Class com.intellij.gradle.toolingExtension.impl.model.sourceSetDependencyModel.GradleSourceSetDependencySerialisationService$SourceSetDependencyModelWriteContext: loaded 2 times (x 74B)
Class com.google.common.collect.AbstractMapBasedMultimap$WrappedCollection            : loaded 2 times (x 126B)
Class kotlin.sequences.SequencesKt___SequencesKt$sortedWith$1                         : loaded 2 times (x 77B)
Class com.google.common.collect.ImmutableSortedSet                                    : loaded 2 times (x 302B)
Class org.gradle.internal.classloader.ClassLoaderFactory                              : loaded 2 times (x 72B)
Class com.google.common.collect.ImmutableMap$SerializedForm                           : loaded 2 times (x 75B)
Class org.apache.commons.io.CloseableURLConnection                                    : loaded 2 times (x 118B)
Class com.android.builder.model.v2.ide.LibraryInfo                                    : loaded 2 times (x 72B)
Class com.google.common.base.CommonPattern                                            : loaded 2 times (x 76B)
Class com.google.common.cache.LocalCache$LocalManualCache                             : loaded 2 times (x 101B)
Class ijKotlinCoroutineJvmDebugInit2_3rswz7e4imtfwrfip81ukjtan                        : loaded 2 times (x 173B)
Class kotlinx.coroutines.flow.internal.FusibleFlow                                    : loaded 2 times (x 72B)
Class com.google.gson.internal.bind.ReflectiveTypeAdapterFactory$FieldReflectionAdapter: loaded 2 times (x 79B)
Class com.google.gson.internal.bind.TypeAdapters$19                                   : loaded 2 times (x 77B)
Class com.google.gson.internal.bind.TypeAdapters$6                                    : loaded 2 times (x 77B)
Class com.amazon.ion.impl.bin.IntList                                                 : loaded 2 times (x 79B)
Class com.amazon.ion.impl.lite._Private_LiteDomTrampoline                             : loaded 2 times (x 73B)
Class com.amazon.ion.IonType                                                          : loaded 2 times (x 81B)
Class org.jetbrains.plugins.gradle.tooling.serialization.internal.IdeaProjectSerializationService$WriteContext$6: loaded 2 times (x 85B)
Class org.jetbrains.plugins.gradle.tooling.util.IntObjectMap                          : loaded 2 times (x 75B)
Class org.gradle.internal.service.CachingServiceLocator                               : loaded 2 times (x 84B)
Class com.google.common.collect.Streams                                               : loaded 2 times (x 73B)
Class com.google.gson.annotations.SerializedName                                      : loaded 2 times (x 72B)
Class com.google.common.collect.AbstractMapBasedMultimap$KeySet                       : loaded 2 times (x 139B)
Class com.google.common.math.IntMath                                                  : loaded 2 times (x 73B)
Class com.google.gson.internal.bind.TypeAdapters$7                                    : loaded 2 times (x 77B)
Class com.amazon.ion.impl.lite.ValueFactoryLite                                       : loaded 2 times (x 220B)
Class org.jetbrains.plugins.gradle.model.RepositoryModels                             : loaded 2 times (x 72B)
Class org.jetbrains.plugins.gradle.tooling.serialization.internal.IdeaProjectSerializationService$WriteContext$7: loaded 2 times (x 85B)
Class kotlin.jvm.internal.Intrinsics$Kotlin                                           : loaded 2 times (x 73B)
Class com.google.common.collect.RegularImmutableSortedSet                             : loaded 2 times (x 302B)
Class kotlin.collections.AbstractList$SubList                                         : loaded 2 times (x 200B)
Class kotlin.jvm.internal.CallableReference                                           : loaded 2 times (x 112B)
Class com.google.common.collect.MapMakerInternalMap$InternalEntry                     : loaded 2 times (x 72B)
Class com.google.common.reflect.Types$TypeVariableInvocationHandler                   : loaded 2 times (x 77B)
Class com.google.gson.internal.bind.CollectionTypeAdapterFactory$Adapter              : loaded 2 times (x 76B)
Class com.google.gson.internal.bind.TypeAdapters$8                                    : loaded 2 times (x 77B)
Class com.google.common.collect.ImmutableMapEntry                                     : loaded 2 times (x 87B)
Class com.amazon.ion.impl.bin.WriteBuffer                                             : loaded 2 times (x 80B)
Class com.amazon.ion.impl.bin.IonManagedBinaryWriter                                  : loaded 2 times (x 167B)
Class org.jetbrains.plugins.gradle.tooling.serialization.internal.IdeaProjectSerializationService$WriteContext$8: loaded 2 times (x 85B)
Class gnu.trove.TObjectIntProcedure                                                   : loaded 2 times (x 72B)
Class [Lorg.gradle.api.JavaVersion;                                                   : loaded 2 times (x 71B)
Class kotlin.ranges.IntRange                                                          : loaded 2 times (x 95B)
Class org.gradle.tooling.model.idea.IdeaDependencyScope                               : loaded 2 times (x 72B)
Class org.gradle.internal.time.TimeSource                                             : loaded 2 times (x 72B)
Class org.gradle.tooling.model.kotlin.dsl.KotlinDslScriptsModel                       : loaded 2 times (x 72B)
Class com.google.common.collect.ImmutableMultimap                                     : loaded 2 times (x 148B)
Class com.android.builder.model.v2.ide.TestInfo                                       : loaded 2 times (x 72B)
Class com.google.common.base.Equivalence                                              : loaded 2 times (x 84B)
Class com.google.gson.internal.bind.TypeAdapters$9                                    : loaded 2 times (x 77B)
Class org.gradle.internal.classloader.ClassLoaderHierarchy                            : loaded 2 times (x 72B)
Class com.google.common.collect.ImmutableMapEntry$NonTerminalImmutableMapEntry        : loaded 2 times (x 87B)
Class com.amazon.ion.impl.lite.IonBlobLite                                            : loaded 2 times (x 222B)
Class com.amazon.ion.impl.LocalSymbolTable                                            : loaded 2 times (x 129B)
Class org.jetbrains.plugins.gradle.tooling.serialization.SerializationService         : loaded 2 times (x 72B)
Class sync_studio_tooling7389_4fljwwtjmdo9t88hjxnt4dm7t                               : loaded 2 times (x 173B)
Class org.gradle.tooling.internal.gradle.GradleBuildIdentity                          : loaded 2 times (x 72B)
Class kotlin.enums.EnumEntries                                                        : loaded 2 times (x 72B)
Class com.google.common.collect.IndexedImmutableSet$1                                 : loaded 2 times (x 215B)
Class org.apache.commons.io.output.AbstractByteArrayOutputStream                      : loaded 2 times (x 104B)
Class [Lorg.jetbrains.kotlin.cli.common.CompilerSystemProperties;                     : loaded 2 times (x 71B)
Class com.android.builder.model.v2.ide.JavaCompileOptions                             : loaded 2 times (x 72B)
Class kotlin.collections.CollectionsKt__ReversedViewsKt                               : loaded 2 times (x 73B)
Class com.google.common.cache.CacheBuilder$OneWeigher                                 : loaded 2 times (x 84B)
Class com.google.gson.JsonParseException                                              : loaded 2 times (x 84B)
Class com.amazon.ion.IonList                                                          : loaded 2 times (x 72B)
Class org.jetbrains.plugins.gradle.tooling.serialization.internal.adapter.Supplier    : loaded 2 times (x 72B)
Class org.gradle.tooling.internal.adapter.ProtocolToModelAdapter$MixInMappingAction   : loaded 2 times (x 82B)
Class org.gradle.internal.exceptions.ResolutionProvider                               : loaded 2 times (x 72B)
Class com.google.common.reflect.Types$ClassOwnership$1LocalClass                      : loaded 2 times (x 73B)
Class jdk.internal.jimage.ImageBufferCache                                            : loaded 2 times (x 73B)
Class jdk.internal.jrtfs.JrtPath                                                      : loaded 2 times (x 124B)
Class com.amazon.ion.IonSystem                                                        : loaded 2 times (x 72B)
Class com.amazon.ion.impl.bin.IonManagedBinaryWriter$ImportedSymbolContext            : loaded 2 times (x 74B)
Class kotlin.text.MatchResult$DefaultImpls                                            : loaded 2 times (x 73B)
Class org.gradle.tooling.model.idea.IdeaCompilerOutput                                : loaded 2 times (x 72B)
Class org.gradle.tooling.model.ProjectIdentifier                                      : loaded 2 times (x 72B)
Class org.gradle.internal.classloader.ClasspathUtil                                   : loaded 2 times (x 73B)
Class com.android.builder.model.v2.ide.ComponentInfo                                  : loaded 2 times (x 72B)
Class com.google.common.util.concurrent.Uninterruptibles                              : loaded 2 times (x 73B)
Class org.jetbrains.kotlin.tooling.core.HasExtras                                     : loaded 2 times (x 72B)
Class com.android.builder.model.v2.ide.ProjectType                                    : loaded 2 times (x 81B)
Class com.intellij.gradle.toolingExtension.impl.model.sourceSetModel.GradleSourceSetSerialisationService: loaded 2 times (x 79B)
Class kotlin.io.FileSystemException                                                   : loaded 2 times (x 84B)
Class com.google.common.collect.AbstractMapBasedMultimap$WrappedSet                   : loaded 2 times (x 144B)
Class com.android.builder.model.v2.dsl.BaseConfig                                     : loaded 2 times (x 72B)
Class com.google.common.util.concurrent.LazyLogger                                    : loaded 2 times (x 74B)
Class com.google.common.collect.Maps                                                  : loaded 2 times (x 73B)
Class com.amazon.ion.impl.lite.IonIntLite                                             : loaded 2 times (x 191B)
Class com.amazon.ion.impl._Private_IonReaderBuilder$TwoElementInputStream             : loaded 2 times (x 94B)
Class com.amazon.ion.util._Private_FastAppendable                                     : loaded 2 times (x 72B)
Class [Lcom.amazon.ion.impl.bin.IonRawBinaryWriter$PreallocationMode;                 : loaded 2 times (x 71B)
Class io.opentelemetry.context.propagation.TextMapGetter                              : loaded 2 times (x 72B)
Class kotlin.sequences.DistinctSequence                                               : loaded 2 times (x 77B)
Class org.gradle.internal.time.TimeSource$1                                           : loaded 2 times (x 79B)
Class kotlin.jvm.internal.DefaultConstructorMarker                                    : loaded 2 times (x 73B)
Class org.gradle.api.specs.Spec                                                       : loaded 2 times (x 72B)
Class com.google.common.collect.MapMaker                                              : loaded 2 times (x 74B)
Class org.apache.commons.io.file.PathFilter                                           : loaded 2 times (x 72B)
Class com.google.common.reflect.Types$JavaVersion                                     : loaded 2 times (x 85B)
Class com.google.gson.internal.sql.SqlDateTypeAdapter                                 : loaded 2 times (x 76B)
Class [Lcom.google.common.collect.ImmutableEntry;                                     : loaded 2 times (x 71B)
Class com.amazon.ion.impl.lite.IonSexpLite                                            : loaded 2 times (x 492B)
Class com.amazon.ion.impl.lite.IonListLite                                            : loaded 2 times (x 492B)
Class com.amazon.ion.IonFloat                                                         : loaded 2 times (x 72B)
Class io.opentelemetry.context.ThreadLocalContextStorage$ScopeImpl                    : loaded 2 times (x 81B)
Class com.google.common.cache.LocalCache$LoadingValueReference                        : loaded 2 times (x 98B)
Class com.amazon.ion.impl.LocalSymbolTable$Factory                                    : loaded 2 times (x 79B)
Class com.amazon.ion.impl.bin.IonManagedBinaryWriter$ImportedSymbolResolverMode       : loaded 2 times (x 82B)
Class com.intellij.gradle.toolingExtension.impl.model.buildScriptClasspathModel.GradleBuildScriptClasspathSerializationService: loaded 2 times (x 79B)
Class com.google.common.io.LineReader$1                                               : loaded 2 times (x 77B)
Class com.google.common.collect.CollectSpliterators                                   : loaded 2 times (x 73B)
Class com.google.common.collect.MapMakerInternalMap$StrongKeyDummyValueEntry          : loaded 2 times (x 84B)
Class com.google.common.reflect.Invokable$MethodInvokable                             : loaded 2 times (x 109B)
Class com.google.common.collect.AbstractMapBasedMultimap$AsMap                        : loaded 2 times (x 130B)
Class com.google.common.base.Platform                                                 : loaded 2 times (x 73B)
Class kotlinx.coroutines.internal.Symbol                                              : loaded 2 times (x 74B)
Class com.google.gson.internal.bind.ReflectiveTypeAdapterFactory$RecordAdapter        : loaded 2 times (x 79B)
Class jdk.internal.jimage.decompressor.ResourceDecompressorRepository                 : loaded 2 times (x 73B)
Class com.amazon.ion.impl.LocalSymbolTableAsStruct                                    : loaded 2 times (x 134B)
Class com.amazon.ion.impl.lite.IonTimestampLite                                       : loaded 2 times (x 195B)
Class org.jetbrains.plugins.gradle.model.FileCollectionDependency                     : loaded 2 times (x 72B)
Class io.opentelemetry.api.trace.SpanBuilder                                          : loaded 2 times (x 72B)
Class io.opentelemetry.api.DefaultOpenTelemetry                                       : loaded 2 times (x 91B)
Class com.intellij.gradle.toolingExtension.impl.model.utilDummyModel.DummyModel       : loaded 2 times (x 72B)
Class kotlin.text.StringsKt__RegexExtensionsKt                                        : loaded 2 times (x 73B)
Class kotlin.collections.EmptyIterator                                                : loaded 2 times (x 91B)
Class org.gradle.internal.time.Clock                                                  : loaded 2 times (x 72B)
Class org.gradle.tooling.model.BuildModel                                             : loaded 2 times (x 72B)
Class com.google.common.collect.AbstractMapBasedMultimap$WrappedList                  : loaded 2 times (x 207B)
Class com.android.builder.model.v2.dsl.ProductFlavor                                  : loaded 2 times (x 72B)
Class [Lcom.android.builder.model.v2.ide.TestInfo$Execution;                          : loaded 2 times (x 71B)
Class com.google.gson.internal.reflect.ReflectionHelper$RecordNotSupportedHelper      : loaded 2 times (x 80B)
Class [Lorg.objectweb.asm.AnnotationWriter;                                           : loaded 2 times (x 71B)
Class com.google.gson.JsonIOException                                                 : loaded 2 times (x 84B)
Class com.google.common.collect.Maps$8                                                : loaded 2 times (x 84B)
Class jdk.internal.jimage.ImageReader$Directory                                       : loaded 2 times (x 86B)
Class com.amazon.ion.IonString                                                        : loaded 2 times (x 72B)
Class io.opentelemetry.context.propagation.TextMapPropagator                          : loaded 2 times (x 72B)
Class org.jetbrains.plugins.gradle.model.GradleSourceSetDependencyModel               : loaded 2 times (x 72B)
Class kotlin.io.FilePathComponents                                                    : loaded 2 times (x 74B)
Class com.google.common.collect.CompoundOrdering                                      : loaded 2 times (x 117B)
Class kotlin.sequences.SequencesKt__SequencesJVMKt                                    : loaded 2 times (x 73B)
Class kotlin.coroutines.jvm.internal.RestrictedSuspendLambda                          : loaded 2 times (x 93B)
Class org.gradle.tooling.internal.adapter.TypeInspector                               : loaded 2 times (x 75B)
Class org.gradle.tooling.internal.adapter.ProtocolToModelAdapter$NoOpDecoration       : loaded 2 times (x 81B)
Class org.gradle.tooling.model.Element                                                : loaded 2 times (x 72B)
Class kotlin.collections.AbstractList                                                 : loaded 2 times (x 199B)
Class kotlin.collections.AbstractCollection                                           : loaded 2 times (x 119B)
Class [Lcom.google.common.collect.Iterators$EmptyModifiableIterator;                  : loaded 2 times (x 71B)
Class com.google.common.collect.Lists$ReverseList$1                                   : loaded 2 times (x 101B)
Class com.google.common.collect.Sets$SetView                                          : loaded 2 times (x 141B)
Class com.google.common.cache.LocalCache$StrongValueReference                         : loaded 2 times (x 92B)
Class org.jetbrains.kotlin.tooling.core.Extras                                        : loaded 2 times (x 72B)
Class com.amazon.ion.BufferConfiguration                                              : loaded 2 times (x 74B)
Class com.amazon.ion.system.SimpleCatalog                                             : loaded 2 times (x 93B)
Class io.opentelemetry.context.ArrayBasedContext                                      : loaded 2 times (x 102B)
Class com.intellij.gradle.toolingExtension.impl.model.taskModel.GradleTaskSerialisationService: loaded 2 times (x 78B)
Class com.android.ide.gradle.model.LegacyV1AgpVersionModel                            : loaded 2 times (x 72B)
Class kotlin.text.StringsKt__StringBuilderJVMKt                                       : loaded 2 times (x 73B)
Class com.google.common.collect.ImmutableRangeSet$Builder                             : loaded 2 times (x 79B)
Class kotlin.text.Regex                                                               : loaded 2 times (x 74B)
Class kotlin.sequences.SequencesKt__SequenceBuilderKt$sequence$$inlined$Sequence$1    : loaded 2 times (x 77B)
Class kotlin.Triple                                                                   : loaded 2 times (x 74B)
Class com.google.common.graph.SuccessorsFunction                                      : loaded 2 times (x 72B)
Class org.objectweb.asm.Type                                                          : loaded 2 times (x 74B)
Class com.google.gson.LongSerializationPolicy$1                                       : loaded 2 times (x 82B)
Class org.jetbrains.plugins.gradle.tooling.util.IntObjectMap$1                        : loaded 2 times (x 79B)
Class org.gradle.tooling.model.internal.ImmutableDomainObjectSet                      : loaded 2 times (x 157B)
Class org.gradle.internal.classloader.VisitableURLClassLoader$InstrumentingVisitableURLClassLoader: loaded 2 times (x 124B)
Class com.google.common.collect.MapMakerInternalMap$StrongKeyDummyValueEntry$Helper   : loaded 2 times (x 81B)
Class org.apache.commons.io.FileUtils                                                 : loaded 2 times (x 73B)
Class com.google.common.io.Files$FileByteSink                                         : loaded 2 times (x 79B)
Class com.android.builder.model.v2.ide.AndroidGradlePluginProjectFlags                : loaded 2 times (x 72B)
Class [Lcom.android.builder.model.v2.ide.AndroidGradlePluginProjectFlags$BooleanFlag; : loaded 2 times (x 71B)
Class com.android.builder.model.v2.ide.BasicVariant                                   : loaded 2 times (x 72B)
Class com.google.common.math.IntMath$1                                                : loaded 2 times (x 73B)
Class org.objectweb.asm.ByteVector                                                    : loaded 2 times (x 81B)
Class [Lcom.google.common.cache.CacheBuilder$NullListener;                            : loaded 2 times (x 71B)
Class com.google.gson.LongSerializationPolicy$2                                       : loaded 2 times (x 82B)
Class [Lcom.amazon.ion.impl.bin.IonRawBinaryWriter$StreamFlushMode;                   : loaded 2 times (x 71B)
Class com.amazon.ion.UnsupportedIonVersionException                                   : loaded 2 times (x 87B)
Class io.opentelemetry.api.trace.SpanId                                               : loaded 2 times (x 73B)
Class kotlin.comparisons.ComparisonsKt__ComparisonsKt                                 : loaded 2 times (x 73B)
Class kotlin.ranges.RangesKt__RangesKt                                                : loaded 2 times (x 73B)
Class kotlin.collections.SetsKt___SetsKt                                              : loaded 2 times (x 73B)
Class kotlin.sequences.SequencesKt__SequencesKt                                       : loaded 2 times (x 73B)
Class kotlin.coroutines.Continuation                                                  : loaded 2 times (x 72B)
Class org.gradle.internal.classloader.VisitableURLClassLoader$Spec                    : loaded 2 times (x 76B)
Class org.gradle.internal.classpath.DefaultClassPath                                  : loaded 2 times (x 92B)
Class com.google.common.reflect.Types$ClassOwnership                                  : loaded 2 times (x 82B)
Class com.google.common.base.AbstractIterator                                         : loaded 2 times (x 82B)
Class com.android.builder.model.v2.ide.BundleInfo                                     : loaded 2 times (x 72B)
Class com.android.builder.model.v2.ide.SourceProvider                                 : loaded 2 times (x 72B)
Class org.objectweb.asm.Symbol                                                        : loaded 2 times (x 75B)
Class jdk.internal.jimage.decompressor.ZipDecompressorFactory                         : loaded 2 times (x 76B)
Class com.amazon.ion.impl.bin.IonManagedBinaryWriter$SymbolState                      : loaded 2 times (x 82B)
Class com.amazon.ion.IonStruct                                                        : loaded 2 times (x 72B)
Class org.jetbrains.plugins.gradle.model.GradleBuildScriptClasspathModel              : loaded 2 times (x 72B)
Class kotlin.sequences.FilteringSequence                                              : loaded 2 times (x 77B)
Class kotlin.text.CharsKt__CharJVMKt                                                  : loaded 2 times (x 73B)
Class kotlin.comparisons.ComparisonsKt                                                : loaded 2 times (x 73B)
Class kotlin.comparisons.ComparisonsKt___ComparisonsKt                                : loaded 2 times (x 73B)
Class kotlin.coroutines.jvm.internal.BaseContinuationImpl                             : loaded 2 times (x 89B)
Class kotlin.Result$Companion                                                         : loaded 2 times (x 73B)
Class org.gradle.util.internal.DefaultGradleVersion                                   : loaded 2 times (x 84B)
Class com.google.common.io.Java8Compatibility                                         : loaded 2 times (x 73B)
Class com.google.common.io.Closer                                                     : loaded 2 times (x 80B)
Class kotlin.sequences.SequencesKt__SequenceBuilderKt                                 : loaded 2 times (x 73B)
Class [Lcom.google.gson.Strictness;                                                   : loaded 2 times (x 71B)
Class com.google.gson.reflect.TypeToken                                               : loaded 2 times (x 77B)
Class com.google.common.collect.RegularImmutableMap$Values                            : loaded 2 times (x 209B)
Class kotlin.io.FilesKt__FileTreeWalkKt                                               : loaded 2 times (x 73B)
Class [Lio.opentelemetry.context.ThreadLocalContextStorage;                           : loaded 2 times (x 71B)
Class org.gradle.internal.classloader.ClassLoaderSpec                                 : loaded 2 times (x 73B)
Class org.objectweb.asm.AnnotationWriter                                              : loaded 2 times (x 80B)
Class com.google.common.cache.CacheStats                                              : loaded 2 times (x 73B)
Class com.google.gson.internal.sql.SqlTimestampTypeAdapter$1                          : loaded 2 times (x 77B)
Class com.google.gson.JsonPrimitive                                                   : loaded 2 times (x 95B)
Class com.amazon.ion.impl.IonWriterSystemTextMarkup                                   : loaded 2 times (x 193B)
Class com.amazon.ion.impl.bin.BlockAllocator                                          : loaded 2 times (x 82B)
Class kotlin.jvm.internal.FunctionReferenceImpl                                       : loaded 2 times (x 128B)
Class kotlin.collections.CollectionsKt___CollectionsJvmKt                             : loaded 2 times (x 73B)
Class com.google.common.io.Closer$Suppressor                                          : loaded 2 times (x 72B)
Class com.google.common.collect.Interners                                             : loaded 2 times (x 73B)
Class com.google.common.io.LineProcessor                                              : loaded 2 times (x 72B)
Class com.google.common.collect.ImmutableMultisetGwtSerializationDependencies         : loaded 2 times (x 127B)
Class [Lcom.google.gson.ReflectionAccessFilter$FilterResult;                          : loaded 2 times (x 71B)
Class org.objectweb.asm.RecordComponentWriter                                         : loaded 2 times (x 79B)
Class com.google.common.util.concurrent.AbstractFuture$Listener                       : loaded 2 times (x 74B)
Class [Lcom.android.builder.model.v2.ide.ProjectType;                                 : loaded 2 times (x 71B)
Class kotlin.jvm.internal.CollectionToArray                                           : loaded 2 times (x 73B)
Class com.google.gson.JsonElement                                                     : loaded 2 times (x 94B)
Class Settings_gradle$1$1                                                             : loaded 2 times (x 76B)
Class com.amazon.ion.system.IonWriterBuilderBase                                      : loaded 2 times (x 85B)
Class io.opentelemetry.api.trace.Tracer                                               : loaded 2 times (x 72B)
Class kotlin.TuplesKt                                                                 : loaded 2 times (x 73B)
Class kotlin.jvm.internal.markers.KMutableIterable                                    : loaded 2 times (x 72B)
Class kotlin.Unit                                                                     : loaded 2 times (x 73B)
Class kotlin.sequences.SequencesKt___SequencesJvmKt                                   : loaded 2 times (x 73B)
Class org.gradle.tooling.internal.adapter.ProtocolToModelAdapter$DefaultViewBuilder   : loaded 2 times (x 82B)
Class org.gradle.api.internal.classpath.Module$ModuleAlias                            : loaded 2 times (x 72B)
Class ijJvmDebugger2_asaq43r3106u8hgcl9dnuytj4$_run_closure1                          : loaded 2 times (x 140B)
Class [Lcom.android.builder.model.v2.ide.AaptOptions$Namespacing;                     : loaded 2 times (x 71B)
Class org.objectweb.asm.Attribute                                                     : loaded 2 times (x 79B)
Class com.android.ide.common.gradle.Version$Companion$ParseState                      : loaded 2 times (x 72B)
Class com.google.common.base.Supplier                                                 : loaded 2 times (x 72B)
Class com.google.gson.internal.bind.CollectionTypeAdapterFactory                      : loaded 2 times (x 77B)
Class io.opentelemetry.api.trace.ArrayBasedTraceState                                 : loaded 2 times (x 88B)
Class io.opentelemetry.context.ContextKey                                             : loaded 2 times (x 72B)
Class io.opentelemetry.context.propagation.TextMapSetter                              : loaded 2 times (x 72B)
Class kotlin.ranges.RangesKt                                                          : loaded 2 times (x 73B)
Class org.gradle.tooling.internal.adapter.ProtocolToModelAdapter$ViewGraphDetails$1   : loaded 2 times (x 79B)
Class org.gradle.internal.classloader.VisitableURLClassLoader                         : loaded 2 times (x 118B)
Class com.google.common.collect.ImmutableList$SerializedForm                          : loaded 2 times (x 75B)
Class kotlinx.coroutines.flow.FlowCollector                                           : loaded 2 times (x 72B)
Class com.android.ide.common.repository.AgpVersion$Companion                          : loaded 2 times (x 73B)
Class Settings_gradle                                                                 : loaded 2 times (x 126B)
Class [Lcom.amazon.ion.SymbolTable;                                                   : loaded 2 times (x 71B)
Class com.amazon.ion.impl.bin.IonBinaryWriterAdapter$Factory                          : loaded 2 times (x 72B)
Class com.amazon.ion.impl.BlockedBuffer$BufferedOutputStream                          : loaded 2 times (x 92B)
Class org.jetbrains.plugins.gradle.tooling.serialization.ExternalTestsSerializationService$ReadContext: loaded 2 times (x 74B)
Class sync_studio_tooling7389_4fljwwtjmdo9t88hjxnt4dm7t$_run_closure1                 : loaded 2 times (x 140B)
Class kotlin.sequences.FlatteningSequence$iterator$1                                  : loaded 2 times (x 81B)
Class kotlin.jvm.functions.Function0                                                  : loaded 2 times (x 72B)
Class kotlin.collections.ArraysUtilJVM                                                : loaded 2 times (x 73B)
Class kotlin.sequences.FilteringSequence$iterator$1                                   : loaded 2 times (x 81B)
Class com.intellij.gradle.toolingExtension.impl.model.sourceSetModel.GradleSourceSetSerialisationService$Companion: loaded 2 times (x 73B)
Class org.gradle.tooling.model.eclipse.EclipseProject                                 : loaded 2 times (x 72B)
Class org.gradle.tooling.model.idea.IdeaDependency                                    : loaded 2 times (x 72B)
Class com.google.common.collect.MapMakerInternalMap                                   : loaded 2 times (x 162B)
Class com.android.builder.model.v2.ide.AaptOptions                                    : loaded 2 times (x 72B)
Class [Lcom.android.builder.model.v2.ide.BytecodeTransformation;                      : loaded 2 times (x 71B)
Class com.google.common.base.Strings                                                  : loaded 2 times (x 73B)
Class com.google.common.collect.Sets                                                  : loaded 2 times (x 73B)
Class org.objectweb.asm.Handler                                                       : loaded 2 times (x 74B)
Class com.android.ide.common.gradle.Version$Companion                                 : loaded 2 times (x 73B)
Class com.google.common.base.Ticker                                                   : loaded 2 times (x 74B)
Class com.amazon.ion.impl._Private_IonValue                                           : loaded 2 times (x 72B)
Class com.google.gson.internal.bind.TreeTypeAdapter                                   : loaded 2 times (x 77B)
Class com.google.gson.internal.sql.SqlTimeTypeAdapter                                 : loaded 2 times (x 76B)
Class jdk.internal.jimage.decompressor.ZipDecompressor                                : loaded 2 times (x 77B)
Class com.amazon.ion.impl.bin.AbstractIonWriter$WriteValueOptimization                : loaded 2 times (x 81B)
Class kotlin.collections.AbstractMutableList                                          : loaded 2 times (x 208B)
Class kotlin.jvm.functions.Function1                                                  : loaded 2 times (x 72B)
Class com.android.builder.model.v2.models.ndk.NativeModelBuilderParameter             : loaded 2 times (x 72B)
Class [Lcom.google.common.cache.LocalCache$Segment;                                   : loaded 2 times (x 71B)
Class [Lcom.google.common.cache.LocalCache$Strength;                                  : loaded 2 times (x 71B)
Class com.google.common.cache.CacheBuilder$1                                          : loaded 2 times (x 87B)
Class com.amazon.ion.impl.bin.IonManagedBinaryWriter$UserState$2                      : loaded 2 times (x 87B)
Class com.google.gson.internal.bind.TypeAdapters$20                                   : loaded 2 times (x 77B)
Class com.google.common.collect.ImmutableMap                                          : loaded 2 times (x 122B)
Class com.amazon.ion.impl.bin.BlockAllocatorProvider                                  : loaded 2 times (x 74B)
Class io.opentelemetry.api.trace.ArrayBasedTraceStateBuilder                          : loaded 2 times (x 79B)
Class org.jetbrains.plugins.gradle.tooling.serialization.internal.IdeaProjectSerializationService$WriteContext: loaded 2 times (x 74B)
Class com.intellij.gradle.toolingExtension.impl.model.sourceSetDependencyModel.GradleSourceSetDependencySerialisationService: loaded 2 times (x 79B)
Class org.jetbrains.plugins.gradle.model.GradleSourceSetModel                         : loaded 2 times (x 72B)
Class kotlin.KotlinNothingValueException                                              : loaded 2 times (x 84B)
Class kotlin.jvm.functions.Function2                                                  : loaded 2 times (x 72B)
Class org.gradle.internal.classpath.DefaultClassPath$ImmutableUniqueList$Builder      : loaded 2 times (x 77B)
Class com.google.common.collect.MapMakerInternalMap$WeakValueReference                : loaded 2 times (x 72B)
Class com.google.common.cache.LocalCache                                              : loaded 2 times (x 188B)
Class com.google.common.cache.CacheBuilder$2                                          : loaded 2 times (x 81B)
Class jdk.internal.jimage.BasicImageReader                                            : loaded 2 times (x 97B)
Class com.google.gson.internal.bind.TypeAdapters$21                                   : loaded 2 times (x 77B)
Class com.google.gson.FieldNamingPolicy$1                                             : loaded 2 times (x 85B)
Class com.amazon.ion.impl.lite.IonSequenceLite                                        : loaded 2 times (x 434B)
Class com.amazon.ion.impl._Private_Utils$1                                            : loaded 2 times (x 100B)
Class com.amazon.ion.impl.SymbolTableAsStruct                                         : loaded 2 times (x 72B)
Class io.opentelemetry.api.trace.TracerProvider                                       : loaded 2 times (x 72B)
Class com.android.ide.gradle.model.dependencies.Coordinates                           : loaded 2 times (x 72B)
Class com.google.common.collect.AbstractRangeSet                                      : loaded 2 times (x 116B)
Class kotlin.collections.MapsKt___MapsJvmKt                                           : loaded 2 times (x 73B)
Class org.gradle.tooling.internal.adapter.WeakIdentityHashMap$AbsentValueProvider     : loaded 2 times (x 72B)
Class org.jetbrains.kotlin.cli.common.arguments.K2JVMCompilerArguments                : loaded 2 times (x 77B)
Class com.google.common.collect.ArrayListMultimap                                     : loaded 2 times (x 173B)
Class com.google.common.cache.CacheBuilder$3                                          : loaded 2 times (x 74B)
Class com.google.gson.internal.bind.TypeAdapters$22                                   : loaded 2 times (x 77B)
Class com.google.gson.FieldNamingPolicy$2                                             : loaded 2 times (x 85B)
Class com.google.gson.internal.Excluder$1                                             : loaded 2 times (x 76B)
Class [Lcom.google.common.collect.AbstractMapEntry;                                   : loaded 2 times (x 71B)
Class com.google.common.collect.ImmutableEntry                                        : loaded 2 times (x 84B)
Class com.amazon.ion.impl.bin.AbstractIonWriter                                       : loaded 2 times (x 162B)
Class io.opentelemetry.api.trace.AutoValue_ArrayBasedTraceState                       : loaded 2 times (x 89B)
Class gnu.trove.TObjectHash                                                           : loaded 2 times (x 96B)
Class org.jetbrains.plugins.gradle.tooling.util.ObjectCollector$Processor             : loaded 2 times (x 72B)
Class kotlin.jvm.functions.Function4                                                  : loaded 2 times (x 72B)
Class kotlin.collections.EmptySet                                                     : loaded 2 times (x 124B)
Class kotlin.annotation.Target                                                        : loaded 2 times (x 72B)
Class kotlin.collections.CollectionsKt___CollectionsKt                                : loaded 2 times (x 73B)
Class [Lcom.google.common.base.AbstractIterator$State;                                : loaded 2 times (x 71B)
Class org.gradle.internal.exceptions.NonGradleCauseExceptionsHolder                   : loaded 2 times (x 72B)
Class org.gradle.tooling.model.idea.IdeaModuleDependency                              : loaded 2 times (x 72B)
Class org.gradle.tooling.internal.adapter.ViewBuilder                                 : loaded 2 times (x 72B)
Class com.google.common.base.Suppliers$MemoizingSupplier                              : loaded 2 times (x 81B)
Class org.apache.commons.io.StandardLineSeparator                                     : loaded 2 times (x 81B)
Class com.android.builder.model.v2.ide.AndroidLibraryData                             : loaded 2 times (x 72B)
Class com.android.builder.model.v2.ide.ApiVersion                                     : loaded 2 times (x 72B)
Class com.android.ide.common.gradle.Version                                           : loaded 2 times (x 77B)
Class com.google.gson.internal.bind.TypeAdapters$23                                   : loaded 2 times (x 77B)
Class com.google.gson.FieldNamingPolicy$3                                             : loaded 2 times (x 85B)
Class com.google.common.collect.CollectPreconditions                                  : loaded 2 times (x 73B)
Class jdk.internal.jimage.ImageStrings                                                : loaded 2 times (x 72B)
Class com.amazon.ion.system.IonReaderBuilder                                          : loaded 2 times (x 97B)
Class io.opentelemetry.api.trace.TraceState                                           : loaded 2 times (x 72B)
Class org.jetbrains.plugins.gradle.model.AnnotationProcessingConfig                   : loaded 2 times (x 72B)
Class com.amazon.ion.IonReader                                                        : loaded 2 times (x 72B)
Class gnu.trove.Equality                                                              : loaded 2 times (x 72B)
Class kotlin.text.StringsKt___StringsJvmKt                                            : loaded 2 times (x 73B)
Class kotlin.reflect.KDeclarationContainer                                            : loaded 2 times (x 72B)
Class kotlin.annotation.Retention                                                     : loaded 2 times (x 72B)
Class org.gradle.tooling.model.eclipse.HierarchicalEclipseProject                     : loaded 2 times (x 72B)
Class [Lcom.google.common.collect.MapMakerInternalMap$Strength;                       : loaded 2 times (x 71B)
Class [Lcom.google.common.io.FileWriteMode;                                           : loaded 2 times (x 71B)
Class com.android.builder.model.v2.models.Versions$Version                            : loaded 2 times (x 72B)
Class com.google.gson.internal.bind.TypeAdapters$24                                   : loaded 2 times (x 77B)
Class com.google.gson.FieldNamingPolicy$4                                             : loaded 2 times (x 85B)
Class com.google.common.collect.SortedMapDifference                                   : loaded 2 times (x 72B)
Class com.amazon.ion.IonClob                                                          : loaded 2 times (x 72B)
Class io.opentelemetry.context.LazyStorage                                            : loaded 2 times (x 73B)
Class org.jetbrains.plugins.gradle.tooling.ModelBuilderService$Parameter              : loaded 2 times (x 72B)
Class kotlin.io.FilesKt                                                               : loaded 2 times (x 73B)
Class kotlin.collections.MapsKt___MapsKt                                              : loaded 2 times (x 73B)
Class kotlin.collections.ArraysKt___ArraysKt                                          : loaded 2 times (x 73B)
Class com.google.common.cache.LocalCache$WriteThroughEntry                            : loaded 2 times (x 81B)
Class com.google.common.cache.LocalCache$HashIterator                                 : loaded 2 times (x 88B)
Class com.google.common.collect.MapMakerInternalMap$StrongKeyDummyValueSegment        : loaded 2 times (x 143B)
Class com.google.common.io.Files                                                      : loaded 2 times (x 73B)
Class org.jetbrains.kotlin.cli.common.arguments.CommonCompilerArguments               : loaded 2 times (x 76B)
Class com.google.common.cache.LocalCache$EntryFactory                                 : loaded 2 times (x 85B)
Class com.google.gson.internal.bind.TypeAdapters$25                                   : loaded 2 times (x 77B)
Class com.google.gson.FieldNamingPolicy$5                                             : loaded 2 times (x 85B)
Class com.amazon.ion.impl.lite.IonLobLite                                             : loaded 2 times (x 187B)
Class com.amazon.ion.impl.lite.IonTextLite                                            : loaded 2 times (x 184B)
Class com.amazon.ion.IonNumber                                                        : loaded 2 times (x 72B)
Class gnu.trove.TObjectHashingStrategy                                                : loaded 2 times (x 72B)
Class kotlin.collections.MapsKt__MapWithDefaultKt                                     : loaded 2 times (x 73B)
Class org.gradle.tooling.internal.adapter.ProtocolToModelAdapter$ReflectionMethodInvoker: loaded 2 times (x 78B)
Class [Lcom.google.common.collect.MapMaker$Dummy;                                     : loaded 2 times (x 71B)
Class com.google.common.base.CharMatcher$Whitespace                                   : loaded 2 times (x 114B)
Class com.google.common.reflect.Types$NativeTypeVariableEquals                        : loaded 2 times (x 73B)
Class com.google.common.reflect.TypeParameter                                         : loaded 2 times (x 74B)
Class org.jetbrains.kotlin.cli.common.arguments.CommonCompilerArgumentsConfigurator   : loaded 2 times (x 76B)
Class com.google.common.cache.LocalCache$AbstractReferenceEntry                       : loaded 2 times (x 109B)
Class [Lcom.android.ide.common.gradle.Separator;                                      : loaded 2 times (x 71B)
Class org.jetbrains.kotlin.tooling.core.HasMutableExtras                              : loaded 2 times (x 72B)
Class com.google.gson.internal.bind.ArrayTypeAdapter                                  : loaded 2 times (x 76B)
Class com.google.gson.internal.bind.TypeAdapters$26                                   : loaded 2 times (x 77B)
Class com.google.gson.FieldNamingPolicy$6                                             : loaded 2 times (x 85B)
Class [Lcom.amazon.ion.impl.bin.IonManagedBinaryWriter$UserState;                     : loaded 2 times (x 71B)
Class com.amazon.ion.impl.bin.utf8.Utf8StringEncoder                                  : loaded 2 times (x 82B)
Class com.amazon.ion.IonBool                                                          : loaded 2 times (x 72B)
Class kotlin.text.StringsKt___StringsKt                                               : loaded 2 times (x 73B)
Class com.google.common.collect.NullsLastOrdering                                     : loaded 2 times (x 117B)
Class kotlin.collections.CollectionsKt__MutableCollectionsJVMKt                       : loaded 2 times (x 73B)
Class com.google.common.io.FileWriteMode                                              : loaded 2 times (x 81B)
Class kotlin.enums.EnumEntriesKt                                                      : loaded 2 times (x 73B)
Class com.google.common.collect.ImmutableMapKeySet                                    : loaded 2 times (x 154B)
Class com.google.gson.internal.reflect.ReflectionHelper                               : loaded 2 times (x 73B)
Class com.android.builder.model.v2.models.VariantDependencies                         : loaded 2 times (x 72B)
Class org.objectweb.asm.SymbolTable                                                   : loaded 2 times (x 74B)
Class [Lcom.google.common.collect.MapMakerInternalMap$Segment;                        : loaded 2 times (x 71B)
Class com.google.common.cache.CacheLoader$InvalidCacheLoadException                   : loaded 2 times (x 84B)
Class com.google.gson.internal.bind.TypeAdapters$27                                   : loaded 2 times (x 77B)
Class com.google.gson.FieldNamingPolicy$7                                             : loaded 2 times (x 85B)
Class com.amazon.ion.IonLoader                                                        : loaded 2 times (x 72B)
Class io.opentelemetry.context.propagation.NoopTextMapPropagator                      : loaded 2 times (x 78B)
Class com.intellij.gradle.toolingExtension.model.repositoryModel.ProjectRepositoriesModel: loaded 2 times (x 72B)
Class org.jetbrains.plugins.gradle.model.GradleProperty                               : loaded 2 times (x 72B)
Class gnu.trove.TObjectCanonicalHashingStrategy                                       : loaded 2 times (x 80B)
Class com.google.common.collect.ImmutableRangeSet$ComplementRanges                    : loaded 2 times (x 209B)
Class com.android.builder.model.v2.ide.TestedTargetVariant                            : loaded 2 times (x 72B)
Class com.google.common.cache.LocalCache$StrongEntry                                  : loaded 2 times (x 110B)
Class com.google.common.util.concurrent.AbstractFuture$TrustedFuture                  : loaded 2 times (x 116B)
Class com.google.common.cache.LoadingCache                                            : loaded 2 times (x 72B)
Class [Lcom.google.gson.LongSerializationPolicy;                                      : loaded 2 times (x 71B)
Class com.amazon.ion.impl._Private_Utils                                              : loaded 2 times (x 73B)
Class kotlin.ranges.IntRange$Companion                                                : loaded 2 times (x 73B)
Class kotlin.text.MatcherMatchResult$groups$1                                         : loaded 2 times (x 153B)
Class kotlin.collections.EmptyMap                                                     : loaded 2 times (x 110B)
Class kotlin.reflect.KAnnotatedElement                                                : loaded 2 times (x 72B)
Class kotlin.jvm.internal.markers.KMutableCollection                                  : loaded 2 times (x 72B)
Class kotlin.coroutines.intrinsics.IntrinsicsKt                                       : loaded 2 times (x 73B)
Class org.gradle.internal.exceptions.MultiCauseException                              : loaded 2 times (x 72B)
Class org.gradle.internal.time.CountdownTimer                                         : loaded 2 times (x 72B)
Class kotlin.jvm.internal.Intrinsics                                                  : loaded 2 times (x 73B)
Class com.google.common.base.Suppliers$NonSerializableMemoizingSupplier               : loaded 2 times (x 81B)
Class com.google.gson.internal.Streams$AppendableWriter                               : loaded 2 times (x 101B)
Class org.objectweb.asm.MethodWriter                                                  : loaded 2 times (x 107B)
Class [Lcom.google.common.cache.Weigher;                                              : loaded 2 times (x 71B)
Class com.google.gson.internal.bind.MapTypeAdapterFactory                             : loaded 2 times (x 77B)
Class com.google.gson.internal.bind.TypeAdapters$29                                   : loaded 2 times (x 77B)
Class com.google.gson.JsonNull                                                        : loaded 2 times (x 94B)
Class com.google.common.collect.RegularImmutableMap$BucketOverflowException           : loaded 2 times (x 84B)
Class jdk.internal.jrtfs.JrtFileSystem                                                : loaded 2 times (x 104B)
Class io.opentelemetry.api.trace.Span                                                 : loaded 2 times (x 72B)
Class com.intellij.gradle.toolingExtension.impl.model.projectModel.GradleExternalProjectSerializationService$ReadContext: loaded 2 times (x 75B)
Class com.intellij.gradle.toolingExtension.impl.model.dependencyModel.DependencyWriteContext: loaded 2 times (x 74B)
Class kotlin.collections.MapsKt                                                       : loaded 2 times (x 73B)
Class kotlin.coroutines.intrinsics.CoroutineSingletons                                : loaded 2 times (x 81B)
Class kotlin.collections.CollectionsKt__IterablesKt                                   : loaded 2 times (x 73B)
Class org.gradle.tooling.model.ProjectModel                                           : loaded 2 times (x 72B)
Class org.gradle.tooling.model.gradle.GradleBuild                                     : loaded 2 times (x 72B)
Class com.google.common.collect.AbstractMapBasedMultimap$RandomAccessWrappedList      : loaded 2 times (x 207B)
Class org.jetbrains.kotlin.cli.common.CompilerSystemProperties$Companion              : loaded 2 times (x 73B)
Class com.google.common.collect.ImmutableMultimap$1                                   : loaded 2 times (x 84B)
Class com.android.ide.common.gradle.Version$Companion$ParseState$EMPTY                : loaded 2 times (x 76B)
Class jdk.internal.jimage.decompressor.CompressedResourceHeader                       : loaded 2 times (x 73B)
Class org.jetbrains.plugins.gradle.model.GradleConfiguration                          : loaded 2 times (x 72B)
Class com.amazon.ion.impl.bin.utf8.Utf8StringEncoderPool                              : loaded 2 times (x 76B)
Class com.amazon.ion.impl._Private_IonSystem                                          : loaded 2 times (x 72B)
Class com.amazon.ion.BufferConfiguration$OversizedValueHandler                        : loaded 2 times (x 72B)
Class kotlin.ranges.OpenEndRange                                                      : loaded 2 times (x 72B)
Class kotlin.sequences.SequenceBuilderIterator                                        : loaded 2 times (x 87B)
Class kotlin.KotlinNullPointerException                                               : loaded 2 times (x 84B)
Class com.google.common.reflect.Types$JavaVersion$1                                   : loaded 2 times (x 85B)
Class com.google.common.collect.ImmutableMultimap$2                                   : loaded 2 times (x 83B)
Class com.android.ide.common.repository.AgpVersion$Companion$WhenMappings             : loaded 2 times (x 73B)
Class com.google.common.collect.RegularImmutableBiMap                                 : loaded 2 times (x 150B)
Class com.google.common.cache.LocalCache$ValueReference                               : loaded 2 times (x 72B)
Class org.gradle.internal.classloader.FilteringClassLoader                            : loaded 2 times (x 106B)
Class kotlin.NotImplementedError                                                      : loaded 2 times (x 84B)
Class com.google.gson.internal.bind.DefaultDateTypeAdapter$DateType$1                 : loaded 2 times (x 75B)
Class com.amazon.ion.IonDecimal                                                       : loaded 2 times (x 72B)
Class io.opentelemetry.api.OpenTelemetry                                              : loaded 2 times (x 72B)
Class org.jetbrains.plugins.gradle.model.tests.ExternalTestsModel                     : loaded 2 times (x 72B)
Class kotlin.ranges.RangesKt___RangesKt                                               : loaded 2 times (x 73B)
Class org.gradle.tooling.model.idea.IdeaLanguageLevel                                 : loaded 2 times (x 72B)
Class org.gradle.tooling.internal.adapter.ProtocolToModelAdapter$SafeMethodInvoker    : loaded 2 times (x 78B)
Class org.gradle.tooling.internal.adapter.WeakIdentityHashMap$WeakKey                 : loaded 2 times (x 82B)
Class org.gradle.internal.exceptions.DefaultMultiCauseException                       : loaded 2 times (x 97B)
Class com.google.common.reflect.Types$JavaVersion$2                                   : loaded 2 times (x 85B)
Class com.google.common.reflect.Types                                                 : loaded 2 times (x 73B)
Class com.google.gson.internal.Streams                                                : loaded 2 times (x 73B)
Class com.android.builder.model.v2.ide.ProjectInfo                                    : loaded 2 times (x 72B)
Class org.jetbrains.kotlin.cli.common.arguments.CommonToolArguments                   : loaded 2 times (x 75B)
Class com.google.common.base.PatternCompiler                                          : loaded 2 times (x 72B)
Class com.google.common.util.concurrent.AbstractFuture$Failure                        : loaded 2 times (x 74B)
Class com.google.common.base.Equivalence$Equals                                       : loaded 2 times (x 84B)
Class com.google.gson.internal.LazilyParsedNumber                                     : loaded 2 times (x 80B)
Class com.google.common.collect.Hashing                                               : loaded 2 times (x 73B)
Class kotlin.sequences.FlatteningSequence                                             : loaded 2 times (x 77B)
Class com.amazon.ion.impl.bin.IonRawBinaryWriter$StreamCloseMode                      : loaded 2 times (x 81B)
Class com.amazon.ion.impl._Private_IonBinaryWriterBuilder$Mutable                     : loaded 2 times (x 117B)
Class io.opentelemetry.api.trace.PropagatedSpan                                       : loaded 2 times (x 114B)
Class com.intellij.gradle.toolingExtension.impl.model.projectModel.GradleExternalProjectSerializationService: loaded 2 times (x 79B)
Class kotlin.text.CharsKt__CharKt                                                     : loaded 2 times (x 73B)
Class kotlin.collections.ArrayDeque$Companion                                         : loaded 2 times (x 73B)
Class kotlin.collections.ArraysKt                                                     : loaded 2 times (x 73B)
Class org.gradle.tooling.model.HierarchicalElement                                    : loaded 2 times (x 72B)
Class com.google.common.collect.ImmutableSetMultimap                                  : loaded 2 times (x 182B)
Class [Lorg.apache.commons.io.file.DeleteOption;                                      : loaded 2 times (x 71B)
Class com.google.common.reflect.Types$JavaVersion$3                                   : loaded 2 times (x 85B)
Class com.google.common.io.CharSink                                                   : loaded 2 times (x 81B)
Class com.android.builder.model.v2.dsl.DependenciesInfo                               : loaded 2 times (x 72B)
Class kotlin.text.MatcherMatchResult                                                  : loaded 2 times (x 82B)
Class org.objectweb.asm.Label                                                         : loaded 2 times (x 75B)
Class org.objectweb.asm.CurrentFrame                                                  : loaded 2 times (x 75B)
Class org.objectweb.asm.ClassTooLargeException                                        : loaded 2 times (x 84B)
Class kotlin.text.MatchGroupCollection                                                : loaded 2 times (x 72B)
Class kotlin.text.StringsKt__StringsKt                                                : loaded 2 times (x 73B)
Class com.google.gson.stream.JsonReader                                               : loaded 2 times (x 99B)
Class com.amazon.ion.impl.bin.IonRawBinaryWriter$PatchPoint                           : loaded 2 times (x 74B)
Class com.amazon.ion.IonBlob                                                          : loaded 2 times (x 72B)
Class com.amazon.ion.IonLob                                                           : loaded 2 times (x 72B)
Class com.amazon.ion.IonSequence                                                      : loaded 2 times (x 72B)
Class io.opentelemetry.api.trace.TraceFlags                                           : loaded 2 times (x 72B)
Class org.jetbrains.plugins.gradle.tooling.serialization.ExternalTestsSerializationService: loaded 2 times (x 79B)
Class com.google.common.collect.ByFunctionOrdering                                    : loaded 2 times (x 117B)
Class kotlin.collections.SetsKt__SetsKt                                               : loaded 2 times (x 73B)
Class kotlin.coroutines.EmptyCoroutineContext                                         : loaded 2 times (x 79B)
Class org.gradle.internal.time.Time                                                   : loaded 2 times (x 73B)
Class org.jetbrains.kotlin.cli.common.messages.MessageCollector$Companion$NONE$1      : loaded 2 times (x 78B)
Class com.google.common.collect.MapMakerInternalMap$InternalEntryHelper               : loaded 2 times (x 72B)
Class com.google.common.reflect.Types$JavaVersion$4                                   : loaded 2 times (x 85B)
Class com.google.common.collect.Maps$IteratorBasedAbstractMap                         : loaded 2 times (x 127B)
Class com.google.common.collect.Table                                                 : loaded 2 times (x 72B)
Class com.google.gson.internal.reflect.ReflectionHelper$RecordSupportedHelper         : loaded 2 times (x 80B)
Class com.android.builder.model.v2.models.ProjectGraph                                : loaded 2 times (x 72B)
Class com.android.ide.gradle.model.dependencies.DeclaredDependencies                  : loaded 2 times (x 72B)
Class org.objectweb.asm.Frame                                                         : loaded 2 times (x 75B)
Class org.objectweb.asm.MethodVisitor                                                 : loaded 2 times (x 107B)
Class com.android.ide.common.gradle.Version$Companion$ParseState$NUMERIC              : loaded 2 times (x 76B)
Class com.google.common.cache.LocalCache$EntryFactory$1                               : loaded 2 times (x 85B)
Class [Lcom.google.common.cache.RemovalListener;                                      : loaded 2 times (x 71B)
Class org.jetbrains.plugins.gradle.tooling.serialization.internal.IdeaProjectSerializationService$ReadContext: loaded 2 times (x 74B)
Class com.amazon.ion.impl.bin.IonManagedBinaryWriter$UserState$1                      : loaded 2 times (x 87B)
Class kotlinx.coroutines.flow.SharedFlow                                              : loaded 2 times (x 72B)
Class com.android.ide.common.repository.AgpVersion$PreviewKind                        : loaded 2 times (x 81B)
Class com.amazon.ion.system.IonTextWriterBuilder                                      : loaded 2 times (x 99B)
Class com.amazon.ion.impl.bin.IonManagedBinaryWriter$ImportedSymbolResolverMode$1$1$1 : loaded 2 times (x 78B)
Class com.amazon.ion.impl._Private_LocalSymbolTableFactory                            : loaded 2 times (x 72B)
Class org.jetbrains.plugins.gradle.tooling.serialization.AnnotationProcessingModelSerializationService: loaded 2 times (x 79B)
Class kotlin.collections.ArraysKt__ArraysJVMKt                                        : loaded 2 times (x 73B)
Class com.google.common.reflect.Types$JavaVersion$5                                   : loaded 2 times (x 73B)
Class [Lcom.google.common.reflect.Types$ClassOwnership;                               : loaded 2 times (x 71B)
Class com.google.common.cache.LocalCache$EntryFactory$2                               : loaded 2 times (x 85B)
Class com.google.gson.internal.bind.JsonAdapterAnnotationTypeAdapterFactory           : loaded 2 times (x 77B)
Class com.amazon.ion.impl.lite.IonNullLite                                            : loaded 2 times (x 178B)
Class org.jetbrains.plugins.gradle.model.DependencyAccessorsModel                     : loaded 2 times (x 72B)
Class [Lcom.intellij.openapi.externalSystem.model.project.dependencies.ResolutionState;: loaded 2 times (x 71B)
Class gnu.trove.TObjectIntHashMap                                                     : loaded 2 times (x 111B)
Class kotlin.text.StringsKt__StringBuilderKt                                          : loaded 2 times (x 73B)
Class com.google.common.collect.RangeSet                                              : loaded 2 times (x 72B)
Class kotlin.jvm.internal.CallableReference$NoReceiver                                : loaded 2 times (x 73B)
Class org.objectweb.asm.ModuleWriter                                                  : loaded 2 times (x 83B)
Class com.google.common.cache.LocalCache$EntryFactory$3                               : loaded 2 times (x 85B)
Class com.google.common.base.Ticker$1                                                 : loaded 2 times (x 74B)
Class com.google.gson.internal.bind.NumberTypeAdapter                                 : loaded 2 times (x 76B)
Class com.google.common.collect.Maps$BiMapConverter                                   : loaded 2 times (x 92B)
Class com.google.common.collect.ImmutableMapEntrySet$RegularEntrySet                  : loaded 2 times (x 154B)
Class com.amazon.ion.impl.lite.IonClobLite                                            : loaded 2 times (x 223B)
Class com.amazon.ion.impl._Private_ValueFactory                                       : loaded 2 times (x 72B)
Class com.amazon.ion.impl.bin.IonRawBinaryWriter$PreallocationMode$1                  : loaded 2 times (x 83B)
Class [Lcom.amazon.ion.impl.bin._Private_IonManagedBinaryWriterBuilder$AllocatorMode; : loaded 2 times (x 71B)
Class org.jetbrains.kotlin.idea.gradleTooling.KotlinMPPGradleModel                    : loaded 2 times (x 72B)
Class io.opentelemetry.context.propagation.ContextPropagators                         : loaded 2 times (x 72B)
Class com.intellij.gradle.toolingExtension.impl.model.dependencyDownloadPolicyModel.GradleDependencyDownloadPolicy: loaded 2 times (x 72B)
Class org.gradle.tooling.model.BuildIdentifier                                        : loaded 2 times (x 72B)
Class kotlin.NoWhenBranchMatchedException                                             : loaded 2 times (x 84B)
Class org.jetbrains.kotlin.cli.common.PropertiesKt                                    : loaded 2 times (x 73B)
Class com.google.common.collect.SetMultimap                                           : loaded 2 times (x 72B)
Class com.android.builder.model.v2.ide.VectorDrawablesOptions                         : loaded 2 times (x 72B)
Class com.google.common.collect.ImmutableSet$Builder                                  : loaded 2 times (x 87B)
Class com.google.common.cache.LocalCache$EntryFactory$4                               : loaded 2 times (x 85B)
Class com.google.common.collect.RegularImmutableMap$KeySet                            : loaded 2 times (x 154B)
Class com.google.gson.ToNumberPolicy$1                                                : loaded 2 times (x 85B)
Class [Lcom.google.gson.FieldNamingStrategy;                                          : loaded 2 times (x 71B)
Class com.google.gson.internal.Excluder                                               : loaded 2 times (x 77B)
Class com.amazon.ion.IonInt                                                           : loaded 2 times (x 72B)
Class com.amazon.ion.impl.bin.IonRawBinaryWriter$PreallocationMode$2                  : loaded 2 times (x 83B)
Class org.jetbrains.kotlin.idea.gradleTooling.PrepareKotlinIdeImportTaskModel         : loaded 2 times (x 72B)
Class org.gradle.tooling.model.BuildableElement                                       : loaded 2 times (x 72B)
Class org.gradle.tooling.model.HasGradleProject                                       : loaded 2 times (x 72B)
Class com.android.builder.model.v2.ide.Edge                                           : loaded 2 times (x 72B)
Class com.google.gson.internal.ReflectionAccessFilterHelper                           : loaded 2 times (x 73B)
Class com.google.gson.internal.reflect.ReflectionHelper$RecordHelper                  : loaded 2 times (x 77B)
Class com.android.builder.model.v2.models.VariantDependenciesFlatList                 : loaded 2 times (x 72B)
Class com.google.common.cache.LocalCache$EntryFactory$5                               : loaded 2 times (x 85B)
Class com.google.gson.ToNumberPolicy$2                                                : loaded 2 times (x 85B)
Class com.amazon.ion.impl.bin.IonRawBinaryWriter$PreallocationMode$3                  : loaded 2 times (x 83B)
Class com.android.ide.gradle.model.GradlePluginModel                                  : loaded 2 times (x 72B)
Class com.google.common.collect.ReverseOrdering                                       : loaded 2 times (x 117B)
Class org.gradle.tooling.model.build.JavaEnvironment                                  : loaded 2 times (x 72B)
Class com.google.gson.internal.bind.ObjectTypeAdapter$1                               : loaded 2 times (x 78B)
Class com.google.common.collect.HashMultimap                                          : loaded 2 times (x 175B)
Class org.apache.commons.io.output.AppendableWriter                                   : loaded 2 times (x 102B)
Class com.android.builder.model.v2.ide.SourceSetContainer                             : loaded 2 times (x 72B)
Class com.google.gson.internal.bind.ReflectiveTypeAdapterFactory$FieldsData           : loaded 2 times (x 74B)
Class com.google.common.cache.LocalCache$EntryFactory$6                               : loaded 2 times (x 85B)
Class com.google.gson.ToNumberPolicy$3                                                : loaded 2 times (x 85B)
Class org.jetbrains.plugins.gradle.model.GradleExtension                              : loaded 2 times (x 72B)
Class com.amazon.ion.impl.lite.IonDecimalLite                                         : loaded 2 times (x 191B)
Class com.amazon.ion.IonBufferConfiguration$Builder                                   : loaded 2 times (x 80B)
Class org.gradle.internal.time.Timer                                                  : loaded 2 times (x 72B)
Class kotlin.jvm.internal.markers.KMappedMarker                                       : loaded 2 times (x 72B)
Class org.gradle.internal.installation.CurrentGradleInstallationLocator               : loaded 2 times (x 73B)
Class ijKotlinCoroutineJvmDebugInit2_3rswz7e4imtfwrfip81ukjtan$_run_closure1$_closure2: loaded 2 times (x 140B)
Class org.jetbrains.kotlin.cli.common.messages.CompilerMessageSeverity$Companion      : loaded 2 times (x 73B)
Class org.apache.commons.io.output.ThresholdingOutputStream                           : loaded 2 times (x 97B)
Class com.google.common.collect.ImmutableMultimap$Builder                             : loaded 2 times (x 88B)
Class com.android.builder.model.v2.ide.LintOptions                                    : loaded 2 times (x 72B)
Class com.google.common.collect.Maps$KeySet                                           : loaded 2 times (x 139B)
Class com.google.common.collect.ImmutableSet$EmptySetBuilderImpl                      : loaded 2 times (x 78B)
Class com.google.common.cache.LocalCache$EntryFactory$7                               : loaded 2 times (x 85B)
Class com.google.gson.ToNumberPolicy$4                                                : loaded 2 times (x 85B)
Class com.google.common.base.Equivalence$Identity                                     : loaded 2 times (x 84B)
Class [Lcom.amazon.ion.impl.bin.IonRawBinaryWriter$ContainerType;                     : loaded 2 times (x 71B)
Class kotlin.coroutines.jvm.internal.SpillingKt                                       : loaded 2 times (x 73B)
Class org.gradle.tooling.internal.adapter.ProtocolToModelAdapter$ViewGraphDetails     : loaded 2 times (x 74B)
Class org.gradle.tooling.model.idea.IdeaProject                                       : loaded 2 times (x 72B)
Class org.gradle.tooling.model.DomainObjectSet                                        : loaded 2 times (x 72B)
Class org.gradle.internal.service.DefaultServiceLocator                               : loaded 2 times (x 85B)
Class com.google.common.collect.Maps$EntrySet                                         : loaded 2 times (x 138B)
Class com.google.common.collect.ImmutableMultimap$EntryCollection                     : loaded 2 times (x 130B)
Class com.android.builder.model.v2.ide.BasicArtifact                                  : loaded 2 times (x 72B)
Class org.jetbrains.kotlin.util.capitalizeDecapitalize.CapitalizeDecapitalizeKt       : loaded 2 times (x 73B)
Class com.google.common.base.PairwiseEquivalence                                      : loaded 2 times (x 85B)
Class com.google.common.cache.LocalCache$EntryFactory$8                               : loaded 2 times (x 85B)
Class com.google.gson.internal.sql.SqlTypesSupport                                    : loaded 2 times (x 73B)
Class com.google.gson.Gson                                                            : loaded 2 times (x 74B)
Class com.amazon.ion.impl.bin.utf8.Utf8StringEncoder$Result                           : loaded 2 times (x 76B)
Class com.amazon.ion.impl.bin.utf8.Pool$Allocator                                     : loaded 2 times (x 72B)
Class com.amazon.ion.IonText                                                          : loaded 2 times (x 72B)
Class com.amazon.ion.impl.SymbolTokenImpl                                             : loaded 2 times (x 83B)
Class com.amazon.ion.SubstituteSymbolTableException                                   : loaded 2 times (x 86B)
Class io.opentelemetry.api.trace.SpanContextKey                                       : loaded 2 times (x 73B)
Class kotlin.coroutines.jvm.internal.SuspendFunction                                  : loaded 2 times (x 72B)
Class org.gradle.util.GradleVersion                                                   : loaded 2 times (x 83B)
Class org.gradle.internal.installation.CurrentGradleInstallation                      : loaded 2 times (x 75B)
Class com.google.gson.Gson$FutureTypeAdapter                                          : loaded 2 times (x 78B)
Class com.google.common.cache.CacheLoader$1                                           : loaded 2 times (x 77B)
Class com.android.builder.model.v2.ide.ViewBindingOptions                             : loaded 2 times (x 72B)
Class com.google.gson.Gson$1                                                          : loaded 2 times (x 78B)
Class com.amazon.ion.impl.bin.IonManagedBinaryWriter$ImportDescriptor                 : loaded 2 times (x 78B)
Class com.amazon.ion.SymbolTable                                                      : loaded 2 times (x 72B)
Class org.jetbrains.plugins.gradle.javaModel.JavaGradleManifestModel                  : loaded 2 times (x 72B)
Class org.jetbrains.plugins.gradle.tooling.serialization.GradleExtensionsSerializationService$WriteContext: loaded 2 times (x 74B)
Class com.intellij.gradle.toolingExtension.impl.model.taskModel.GradleTaskSerialisationService$Companion: loaded 2 times (x 73B)
Class kotlin.jvm.internal.Ref$BooleanRef                                              : loaded 2 times (x 73B)
Class kotlin.jvm.internal.StringCompanionObject                                       : loaded 2 times (x 73B)
Class kotlin.coroutines.intrinsics.IntrinsicsKt__IntrinsicsJvmKt                      : loaded 2 times (x 73B)
Class kotlin.coroutines.jvm.internal.CoroutineStackFrame                              : loaded 2 times (x 72B)
Class org.gradle.tooling.internal.adapter.ProtocolToModelAdapter$MethodInvocationCache$MethodInvocationKey: loaded 2 times (x 75B)
Class org.gradle.tooling.model.gradle.ProjectPublications                             : loaded 2 times (x 72B)
Class org.gradle.util.internal.GUtil                                                  : loaded 2 times (x 73B)
Class com.google.common.io.ByteSource                                                 : loaded 2 times (x 86B)
Class com.android.utils.StringHelper                                                  : loaded 2 times (x 73B)
Class com.google.common.cache.AbstractCache$StatsCounter                              : loaded 2 times (x 72B)
Class com.google.gson.Gson$2                                                          : loaded 2 times (x 78B)
Class [Lcom.amazon.ion.impl.bin.IonManagedBinaryWriter$SymbolState;                   : loaded 2 times (x 71B)
Class com.amazon.ion.impl._Private_IonWriterBase                                      : loaded 2 times (x 164B)
Class com.amazon.ion.system.IonSystemBuilder                                          : loaded 2 times (x 77B)
Class com.amazon.ion.IonCatalog                                                       : loaded 2 times (x 72B)
Class io.opentelemetry.api.trace.TraceId                                              : loaded 2 times (x 73B)
Class com.intellij.gradle.toolingExtension.impl.model.utilTurnOffDefaultTasksModel.TurnOffDefaultTasks: loaded 2 times (x 72B)
Class com.intellij.gradle.toolingExtension.impl.model.sourceSetModel.GradleSourceSetSerialisationService$SourceSetModelReadContext: loaded 2 times (x 74B)
Class kotlin.io.NoSuchFileException                                                   : loaded 2 times (x 84B)
Class kotlin.collections.CollectionsKt                                                : loaded 2 times (x 73B)
Class com.google.common.io.LineBuffer                                                 : loaded 2 times (x 77B)
Class com.google.common.collect.MapMakerInternalMap$1                                 : loaded 2 times (x 85B)
Class com.google.common.reflect.Types$TypeVariableImpl                                : loaded 2 times (x 74B)
Class com.android.builder.model.v2.dsl.BuildType                                      : loaded 2 times (x 72B)
Class ijInit2_c757vcd733p3vagw3mxz6nz9j$_run_closure1                                 : loaded 2 times (x 141B)
Class com.google.common.io.LineReader                                                 : loaded 2 times (x 74B)
Class com.google.gson.internal.bind.ReflectiveTypeAdapterFactory$BoundField           : loaded 2 times (x 77B)
Class com.google.gson.Gson$3                                                          : loaded 2 times (x 77B)
Class io.opentelemetry.api.internal.ImmutableSpanContext                              : loaded 2 times (x 93B)
Class com.intellij.gradle.toolingExtension.impl.model.sourceSetModel.GradleSourceSetSerialisationService$SourceSetModelWriteContext: loaded 2 times (x 74B)
Class kotlin.ranges.IntProgressionIterator                                            : loaded 2 times (x 84B)
Class kotlin.coroutines.CoroutineContext                                              : loaded 2 times (x 72B)
Class kotlin.coroutines.jvm.internal.DebugProbesKt                                    : loaded 2 times (x 73B)
Class org.gradle.tooling.internal.adapter.WeakIdentityHashMap                         : loaded 2 times (x 78B)
Class org.gradle.tooling.GradleConnectionException                                    : loaded 2 times (x 85B)
Class org.gradle.tooling.internal.adapter.ProtocolToModelAdapter$1                    : loaded 2 times (x 77B)
Class org.gradle.tooling.internal.adapter.ProtocolToModelAdapter$ViewDecoration       : loaded 2 times (x 72B)
Class org.gradle.internal.installation.GradleInstallation                             : loaded 2 times (x 77B)
Class com.google.common.base.Splitter$Strategy                                        : loaded 2 times (x 72B)
Class com.google.common.collect.Iterables                                             : loaded 2 times (x 73B)
Class com.google.gson.internal.bind.DefaultDateTypeAdapter$1                          : loaded 2 times (x 77B)
Class com.google.gson.Gson$4                                                          : loaded 2 times (x 78B)
Class com.google.gson.internal.ConstructorConstructor                                 : loaded 2 times (x 74B)
Class jdk.internal.jimage.decompressor.ResourceDecompressor$StringsProvider           : loaded 2 times (x 72B)
Class com.amazon.ion.impl.lite.ContainerlessContext                                   : loaded 2 times (x 82B)
Class io.opentelemetry.api.trace.DefaultTracer                                        : loaded 2 times (x 76B)
Class org.jetbrains.plugins.gradle.tooling.serialization.GradleExtensionsSerializationService$ReadContext: loaded 2 times (x 74B)
Class com.google.common.collect.ForwardingCollection                                  : loaded 2 times (x 132B)
Class com.google.common.collect.LexicographicalOrdering                               : loaded 2 times (x 117B)
Class org.gradle.tooling.internal.adapter.MethodInvoker                               : loaded 2 times (x 72B)
Class com.google.gson.ReflectionAccessFilter$FilterResult                             : loaded 2 times (x 81B)
Class com.google.common.collect.Lists$RandomAccessReverseList                         : loaded 2 times (x 202B)
Class com.android.ide.common.gradle.Part                                              : loaded 2 times (x 79B)
Class com.google.gson.Gson$5                                                          : loaded 2 times (x 78B)
Class gnu.trove.PrimeFinder                                                           : loaded 2 times (x 73B)
Class com.amazon.ion.UnexpectedEofException                                           : loaded 2 times (x 86B)
Class com.amazon.ion.IonSexp                                                          : loaded 2 times (x 72B)
Class com.amazon.ion.ReadOnlyValueException                                           : loaded 2 times (x 86B)
Class com.amazon.ion.impl._Private_LocalSymbolTable                                   : loaded 2 times (x 72B)
Class com.amazon.ion.BufferConfiguration$DataHandler                                  : loaded 2 times (x 72B)
Class com.amazon.ion.impl._Private_IonBinaryWriterBuilder                             : loaded 2 times (x 117B)
Class org.jetbrains.plugins.gradle.tooling.serialization.RepositoriesModelSerializationService$WriteContext: loaded 2 times (x 74B)
Class com.android.ide.gradle.model.LegacyAndroidGradlePluginProperties                : loaded 2 times (x 72B)
Class kotlin.ranges.IntProgression                                                    : loaded 2 times (x 83B)
Class kotlin.jvm.KotlinReflectionNotSupportedError                                    : loaded 2 times (x 84B)
Class org.gradle.tooling.model.gradle.GradleScript                                    : loaded 2 times (x 72B)

---------------  S Y S T E M  ---------------

OS:
 Windows 11 , 64 bit Build 26100 (10.0.26100.9444)
OS uptime: 0 days 1:17 hours
Hyper-V role detected

CPU: total 8 (initial active 8) (4 cores per cpu, 2 threads per core) family 6 model 166 stepping 1 microcode 0x100, cx8, cmov, fxsr, ht, mmx, 3dnowpref, sse, sse2, sse3, ssse3, sse4.1, sse4.2, popcnt, lzcnt, tsc, tscinvbit, avx, avx2, aes, erms, clmul, bmi1, bmi2, adx, fma, vzeroupper, clflush, clflushopt, hv, rdtscp, f16c
Processor Information for processor 0
  Max Mhz: 2304, Current Mhz: 1502, Mhz Limit: 1797
Processor Information for processor 1
  Max Mhz: 2304, Current Mhz: 1502, Mhz Limit: 1797
Processor Information for processor 2
  Max Mhz: 2304, Current Mhz: 1502, Mhz Limit: 1797
Processor Information for processor 3
  Max Mhz: 2304, Current Mhz: 1803, Mhz Limit: 1797
Processor Information for processor 4
  Max Mhz: 2304, Current Mhz: 1502, Mhz Limit: 1797
Processor Information for processor 5
  Max Mhz: 2304, Current Mhz: 1502, Mhz Limit: 1797
Processor Information for processor 6
  Max Mhz: 2304, Current Mhz: 1502, Mhz Limit: 1797
Processor Information for processor 7
  Max Mhz: 2304, Current Mhz: 1502, Mhz Limit: 1797

Memory: 4k page, system-wide physical 16162M (2296M free)
TotalPageFile size 18735M (AvailPageFile size 132M)
current process WorkingSet (physical memory assigned to process): 1111M, peak: 1113M
current process commit charge ("private bytes"): 1150M, peak: 1442M

vm_info: OpenJDK 64-Bit Server VM (25.0.3+-15898627-b508.16) for windows-amd64 JRE (25.0.3+-15898627-b508.16), built on 2026-07-20T17:54:23Z with MS VC++ 16.10 / 16.11 (VS2019)

END.
